,,,,,,,,,,0.08,,,,,,,,
,,high,low,close,open,TR,+DM 1,-DM 1,TR14,,+DM14,-DM14,+DI14,-DI14,DI 14 Diff,DI 14 Sum,DX,ADX
,11-Feb-09,70.7335,71.0788,70.1246,70.6017,,,,,0.00,,,,,,,,
,12-Feb-09,71.1614,71.8029,70.5033,71.5393, 1.68 ,0.43,0.00,,1.68,,,,,,,,
,13-Feb-09,71.1614,71.2757,69.7625,70.5191, 0.77 ,0.00,0.53,,1.61,,,,,,,,
,17-Feb-09,70.6518,70.7335,67.5904,67.7064, 0.97 ,0.00,0.54,,1.56,,,,,,,,
,18-Feb-09,65,72.1,60,70, 4.51 ,0.00,0.00,,1.79,,,,,,,,
,19-Feb-09,72,80,71.08,80, 20.00 ,7.00,0.00,,3.19,,,,,,,,
,20-Feb-09,84,90.3,71.25,75.96, 19.22 ,12.00,0.00,,4.42,,,,,,,,
,23-Feb-09,76,80,71.52,79.22, 8.75 ,0.00,10.30,,4.75,,,,,,,,
,24-Feb-09,80,85.44,79.25,81.45, 13.92 ,4.00,0.00,,5.46,,,,,,,,
,25-Feb-09,81.45,83.62,79.8,83.4, 4.37 ,0.00,1.82,,5.38,,,,,,,,
,26-Feb-09,83.45,85.6,83.33,85, 5.80 ,2.00,0.00,,5.41,,,,,,,,
,27-Feb-09,85.99,85.99,82.12,84.17, 2.66 ,2.54,0.00,,5.20,,,,,,,,
,2-Mar-09,83.84,89,83.72,85.37, 6.88 ,0.00,0.00,,5.33,,,,,,,,
,3-Mar-09,86.37,89,85.43,89, 5.28 ,2.53,0.00,,5.32,,,,,,,,
,4-Mar-09,89,92.86,85.5,91.7, 7.43 ,2.63,0.00,102.24,102.24,33.13,13.19,32.40,12.90,19.50,45.30,43.05,
,5-Mar-09,91.6,98.78,90.4,94.64, 13.28 ,2.60,0.00,108.22,95.40,33.36,12.25,30.83,11.32,19.51,42.15,46.29,
,6-Mar-09,94.64,96.55,82.1,87.67, 6.15 ,3.04,0.00,106.64,88.53,34.02,11.37,31.90,10.66,21.24,42.57,49.89,
,9-Mar-09,88,90.37,84.63,85.94, 8.27 ,0.00,6.18,107.29,82.36,31.59,16.74,29.44,15.60,13.84,45.04,30.72,
,10-Mar-09,85,86.8,80,80.45, 2.17 ,0.00,3.57,101.80,76.19,29.33,19.11,28.81,18.78,10.04,47.59,21.09,
,11-Mar-09,81.2,85.44,81.18,84.17, 5.44 ,0.00,1.36,99.97,70.75,27.24,19.11,27.25,19.12,8.13,46.36,17.54,
,12-Mar-09,85.4,85.5,82.12,83.69, 4.32 ,4.20,0.00,97.15,65.64,29.49,17.74,30.36,18.27,12.09,48.62,24.87,
,13-Mar-09,83,87.2,82.5,86.59, 5.08 ,0.00,0.00,95.29,60.98,27.39,16.48,28.74,17.29,11.45,46.03,24.87,
,16-Mar-09,88.3,89.6,86.7,87.56, 7.10 ,5.30,0.00,95.58,56.84,30.73,15.30,32.15,16.01,16.14,48.16,33.52,
,17-Mar-09,88,93,87.87,92.13, 6.30 ,0.00,0.00,95.05,52.95,28.53,14.21,30.02,14.95,15.07,44.97,33.52,
,18-Mar-09,94,95.3,84.6,90.61, 7.43 ,6.00,0.00,95.69,49.45,32.50,13.19,33.96,13.79,20.17,47.74,42.25,
,19-Mar-09,89,89,82.62,82.75, 4.40 ,0.00,6.30,93.26,45.98,30.17,18.55,32.36,19.89,12.47,52.25,23.86,
,20-Mar-09,84.41,84.6,79.45,79.5, 1.98 ,0.00,4.40,88.58,42.60,28.02,21.62,31.63,24.41,7.22,56.05,12.88,
,23-Mar-09,79.95,80.36,74.7,75.88, 0.91 ,0.00,4.24,83.16,39.39,26.02,24.32,31.29,29.24,2.04,60.53,3.37,29.12
,24-Mar-09,76.05,76.48,72.11,72.39, 1.78 ,0.00,3.88,79.00,36.50,24.16,26.46,30.58,33.50,2.92,64.08,4.55,27.37
,25-Mar-09,71.2,71.44,67.4,67.89, 0.91 ,0.00,5.04,74.27,33.76,22.43,29.61,30.21,39.87,9.67,70.08,13.79,26.40
,26-Mar-09,67.8,69.99,65.3,67.3, 2.59 ,0.00,1.45,71.55,31.36,20.83,28.95,29.11,40.46,11.34,69.57,16.30,25.68
,27-Mar-09,67.67,71.9,67.45,71.9, 6.60 ,0.00,0.00,73.04,29.46,19.34,26.88,26.48,36.80,10.32,63.28,16.30,25.01
,30-Mar-09,73.29,79.45,72.74,78.32, 12.00 ,5.62,0.00,79.82,28.11,23.58,24.96,29.54,31.27,1.73,60.81,2.84,23.42
,31-Mar-09,79.6,81.62,75,76.6, 8.88 ,6.31,0.00,83.00,26.63,28.21,23.18,33.98,27.92,6.06,61.91,9.79,22.45
,1-Apr-09,76.6,79.2,73.46,78.27, 4.20 ,0.00,2.42,81.27,24.91,26.19,23.94,32.23,29.46,2.77,61.69,4.49,21.17
,2-Apr-09,75.5,79.34,75.02,79.34, 5.88 ,0.00,0.00,81.35,23.45,24.32,22.23,29.90,27.33,2.57,57.23,4.49,19.98
,3-Apr-09,77,77.32,74,74.2, 2.30 ,0.00,2.02,77.84,21.82,22.58,22.66,29.01,29.12,0.10,58.13,0.17,18.56
,6-Apr-09,72.68,76,70.7,75, 2.00 ,0.00,1.32,74.28,20.29,20.97,22.36,28.23,30.11,1.88,58.34,3.22,17.47
,7-Apr-09,75,77.6,74.32,77.07, 6.90 ,2.32,0.00,75.87,19.26,21.79,20.77,28.72,27.37,1.35,56.09,2.41,16.39
,8-Apr-09,78.5,78.5,75.01,75.01, 4.18 ,3.50,0.00,74.63,18.10,23.74,19.28,31.80,25.84,5.97,57.64,10.35,15.96
,9-Apr-09,74.2,75.87,74,75.2, 0.86 ,0.00,2.63,70.16,16.78,22.04,20.54,31.41,29.27,2.14,60.68,3.53,15.07
,13-Apr-09,75.6,76.4,74.8,74.8, 2.40 ,1.40,0.00,67.55,15.67,21.87,19.07,32.37,28.23,4.14,60.60,6.83,14.48
,14-Apr-09,74.8,75.86,74.6,75.5, 1.06 ,0.00,0.54,63.79,14.55,20.30,18.25,31.83,28.61,3.23,60.44,5.34,13.83
,15-Apr-09,75.5,75.5,72.6,74.45, 0.90 ,0.70,0.00,60.13,13.50,19.55,16.94,32.52,28.18,4.34,60.70,7.15,13.35
,16-Apr-09,75,78.26,73.91,78.26, 5.66 ,0.00,0.00,61.49,12.89,18.16,15.73,29.53,25.59,3.94,55.11,7.15,12.91
,17-Apr-09,78.2,78.35,75.5,75.57, 4.44 ,3.20,0.00,61.54,12.24,20.06,14.61,32.60,23.74,8.86,56.34,15.72,13.11
,20-Apr-09,76.04,78.96,75.86,78.7, 3.46 ,0.00,0.00,60.61,11.57,18.63,13.57,30.74,22.38,8.35,53.12,15.72,13.30
,21-Apr-09,78.65,79.8,77.3,79.8, 3.94 ,2.61,0.00,60.22,10.98,19.91,12.60,33.06,20.92,12.14,53.98,22.49,13.95
,22-Apr-09,80,84.7,79.31,83.65, 7.40 ,1.35,0.00,63.32,10.71,19.84,11.70,31.33,18.47,12.85,49.80,25.81,14.80
,23-Apr-09,83.65,86.4,83.01,84.92, 7.09 ,3.65,0.00,65.88,10.43,22.07,10.86,33.50,16.49,17.01,49.98,34.03,16.17
,24-Apr-09,85.5,88.59,84.2,85, 5.58 ,1.85,0.00,66.76,10.06,22.34,10.09,33.47,15.11,18.36,48.58,37.79,17.72
,27-Apr-09,86,87.78,85.53,85.95, 3.58 ,0.00,0.81,65.57,9.56,20.75,10.18,31.64,15.52,16.12,47.16,34.18,18.89
,28-Apr-09,87,88,84.49,86.1, 2.47 ,1.00,0.00,63.36,9.01,20.26,9.45,31.99,14.91,17.07,46.90,36.40,20.15
,29-Apr-09,86.5,86.99,79.05,81.05, 2.50 ,0.00,1.01,61.33,8.51,18.82,9.78,30.68,15.95,14.73,46.63,31.58,20.96
,30-Apr-09,81.1,85.65,81.1,83.04, 6.60 ,0.00,1.34,63.55,8.36,17.47,10.43,27.50,16.40,11.09,43.90,25.26,21.27
,1-May-09,83.67,85.88,83.21,85.69, 4.78 ,2.57,0.00,63.79,8.09,18.79,9.68,29.46,15.18,14.29,44.64,32.01,22.04
,4-May-09,85.99,86.76,84.49,86.55, 3.55 ,2.32,0.00,62.78,7.74,19.77,8.99,31.49,14.32,17.18,45.81,37.49,23.14
,5-May-09,87.1,87.35,85.02,85.96, 2.86 ,1.11,0.00,61.16,,19.47,8.35,31.84,13.65,18.19,45.48,39.99,24.34
,6-May-09,85.32,85.9,84.56,84.7, 0.88 ,0.00,1.45,57.67,,18.08,9.20,31.35,15.95,15.40,47.30,32.55,24.93
,7-May-09,84,85.84,83.4,84.4, 1.28 ,0.00,0.06,54.83,,16.79,8.60,30.62,15.69,14.93,46.31,32.23,25.45
,8-May-09,84,87.29,83.8,85.99, 3.89 ,0.00,0.00,54.80,,15.59,7.99,28.44,14.58,13.87,43.02,32.23,25.94
,11-May-09,86.85,87.5,82.8,82.93, 3.70 ,2.85,0.00,54.59,,17.33,7.42,31.74,13.59,18.15,45.33,40.04,26.94
,12-May-09,83.16,83.89,78.35,80.59, 1.09 ,0.00,3.61,51.78,,16.09,10.50,31.07,20.27,10.79,51.34,21.02,26.52
,13-May-09,81.75,82.84,79.1,80.5, 4.49 ,0.00,1.05,52.57,,14.94,10.80,28.42,20.54,7.88,48.96,16.09,25.77
,14-May-09,81.3,82.3,79.34,80, 3.20 ,0.00,0.54,52.02,,13.87,10.57,26.67,20.31,6.35,46.98,13.52,24.90
,15-May-09,80.4,80.65,77.5,78.4, 1.31 ,0.00,1.65,49.61,,12.88,11.46,25.96,23.10,2.86,49.07,5.83,23.54
,18-May-09,78,78.99,77.8,78.48, 1.49 ,0.00,1.66,47.56,,11.96,12.30,25.15,25.87,0.72,51.02,1.41,21.96
,19-May-09,79,79.5,75.15,76.75, 1.70 ,1.00,0.00,45.86,,12.11,11.42,26.40,24.91,1.49,51.31,2.90,20.60
,20-May-09,76.9,77.89,75.65,77.79, 2.74 ,0.00,1.61,45.33,,11.24,12.22,24.80,26.96,2.16,51.76,4.16,19.42
,21-May-09,77.84,77.97,74.4,75, 2.32 ,0.94,0.00,44.41,,11.38,11.35,25.62,25.55,0.07,51.17,0.14,18.04
,22-May-09,75,75.29,72.1,73.65, 0.89 ,0.00,2.68,42.13,,10.57,13.22,25.08,31.37,6.29,56.45,11.14,17.55
,26-May-09,73.71,75.55,72.78,73.13, 3.45 ,0.00,0.00,42.57,,9.81,12.27,23.05,28.83,5.78,51.88,11.14,17.09
,27-May-09,73.85,73.85,72.33,72.7, 1.07 ,0.00,1.70,40.60,,9.11,13.10,22.44,32.26,9.82,54.70,17.94,17.15
,28-May-09,72.3,73.32,70.4,70.65, 0.99 ,0.00,0.53,38.69,,8.46,12.69,21.87,32.80,10.93,54.67,20.00,17.36
,29-May-09,70.7,75.86,70,74.98, 5.46 ,0.00,0.00,41.38,,7.86,11.78,18.98,28.47,9.49,47.46,20.00,17.55
,1-Jun-09,75.99,77.48,69.04,70.54, 7.48 ,5.29,0.00,45.91,,12.58,10.94,27.41,23.83,3.58,51.25,6.98,16.79
,2-Jun-09,70.54,71.94,67.35,71.63, 2.90 ,0.00,5.54,45.53,,11.69,15.70,25.67,34.48,8.82,60.15,14.66,16.64
,3-Jun-09,71.63,74,70.46,73.5, 6.65 ,1.09,0.00,48.93,,11.94,14.58,24.41,29.80,5.39,54.20,9.95,16.16
,4-Jun-09,73.8,73.95,69.75,72, 3.49 ,2.17,0.00,48.92,,13.26,13.54,27.10,27.67,0.57,54.77,1.04,15.08
,5-Jun-09,72.36,72.66,71.66,72.03, 2.91 ,0.00,1.29,48.34,,12.31,13.86,25.47,28.67,3.21,54.14,5.92,14.43
,8-Jun-09,72.09,72.45,70.44,71.11, 0.79 ,0.00,0.21,45.67,,11.43,13.08,25.03,28.64,3.61,53.67,6.73,13.88
,9-Jun-09,71,71.48,69.25,69.7, 1.04 ,0.00,0.97,43.45,,10.61,13.12,24.43,30.19,5.76,54.61,10.54,13.64
,10-Jun-09,69.75,71.11,69.58,70.31, 1.86 ,0.00,0.37,42.21,,9.86,12.55,23.35,29.73,6.38,53.08,12.02,13.52
,11-Jun-09,70.24,70.57,68.15,68.2, 0.99 ,0.00,0.54,40.18,,9.15,12.19,22.78,30.34,7.57,53.12,14.24,13.57
,12-Jun-09,69,69.2,67.76,68.35, 1.05 ,0.00,1.37,38.36,,8.50,12.69,22.15,33.08,10.93,55.24,19.79,14.02
,15-Jun-09,68.5,68.88,65.05,65.05, 1.12 ,0.00,0.32,36.74,,7.89,12.11,21.48,32.95,11.47,54.42,21.07,14.52
,16-Jun-09,65.5,69.78,65.15,68.5, 4.73 ,0.00,0.00,38.85,,7.33,11.24,18.86,28.93,10.07,47.80,21.07,14.99
,17-Jun-09,69.1,71.56,68.85,69, 6.41 ,3.60,0.00,42.48,,10.40,10.44,24.49,24.57,0.08,49.06,0.16,13.93
,18-Jun-09,69.7,70.31,68.36,68.9, 1.46 ,0.00,1.25,40.91,,9.66,10.94,23.62,26.75,3.13,50.36,6.22,13.38
,19-Jun-09,70,71.07,69.5,69.5, 2.71 ,0.30,0.00,40.70,,9.27,10.16,22.78,24.97,2.18,47.75,4.58,12.75
,22-Jun-09,70.26,70.3,68.9,69.05, 0.80 ,0.00,0.77,38.59,,8.61,10.20,22.31,26.44,4.13,48.75,8.48,12.45
,23-Jun-09,69.1,69.47,68.43,68.63, 0.57 ,0.00,0.83,36.40,,7.99,10.31,21.96,28.31,6.35,50.27,12.63,12.46
,24-Jun-09,69.03,69.7,67.5,67.5, 1.27 ,0.00,0.00,35.07,,7.42,9.57,21.16,27.29,6.12,48.45,12.63,12.47
,25-Jun-09,67,68.09,66.81,67, 0.59 ,0.00,1.61,33.16,,6.89,10.50,20.79,31.66,10.87,52.44,20.72,13.06
,26-Jun-09,67.3,67.3,64.24,64.65, 0.49 ,0.00,0.79,31.28,,6.40,10.54,20.46,33.68,13.22,54.15,24.42,13.87
,29-Jun-09,65,66.7,64.5,65, 2.46 ,0.00,0.60,31.51,,5.94,10.38,18.86,32.96,14.09,51.82,27.20,14.82
,30-Jun-09,65.01,65.65,64.38,64.45, 1.15 ,0.00,1.05,30.40,,5.52,10.69,18.15,35.17,17.01,53.32,31.91,16.04
,1-Jul-09,64.1,64.43,61.5,64.32, 0.28 ,0.00,1.22,28.51,,5.12,11.15,17.97,39.10,21.13,57.07,37.02,17.54
,2-Jul-09,65,65.35,62.5,63.07, 3.85 ,0.90,0.00,30.33,,5.66,10.35,18.66,34.14,15.48,52.79,29.31,18.38
,6-Jul-09,63.95,67.46,63.19,66.76, 4.96 ,0.00,0.00,33.12,,5.25,9.61,15.86,29.02,13.16,44.89,29.31,19.16
,7-Jul-09,67.5,68.2,65.02,66.46, 5.01 ,3.55,0.00,35.76,,8.43,8.93,23.57,24.96,1.39,48.53,2.86,18.00
,8-Jul-09,67,67.38,63.69,64.74, 2.36 ,0.00,0.82,35.57,,7.83,9.11,22.00,25.61,3.60,47.61,7.57,17.25
,9-Jul-09,63.72,64.35,63.46,64, 0.66 ,0.00,3.03,33.69,,7.27,11.49,21.57,34.10,12.53,55.67,22.50,17.63
,10-Jul-09,64.1,65,63.03,63.54, 1.54 ,0.38,0.00,32.82,,7.13,10.67,21.72,32.50,10.78,54.22,19.88,17.79
,13-Jul-09,63.2,65.3,63.03,64.5, 2.27 ,0.00,0.00,32.75,,6.62,9.91,20.21,30.25,10.03,50.46,19.88,17.94
,14-Jul-09,64.9,66.15,64.31,65, 3.12 ,1.70,0.00,33.53,,7.85,9.20,23.40,27.43,4.03,50.84,7.93,17.22
,15-Jul-09,65.5,66.2,64.65,64.77, 1.89 ,0.60,0.00,33.02,,7.89,8.54,23.88,25.86,1.98,49.74,3.98,16.28
,16-Jul-09,65.5,65.5,64.25,64.67, 0.85 ,0.00,0.70,31.52,,7.32,8.63,23.24,27.39,4.15,50.62,8.20,15.70
,17-Jul-09,64.6,64.96,63.44,63.65, 0.71 ,0.00,0.54,29.97,,6.80,8.55,22.69,28.54,5.85,51.22,11.43,15.40
,20-Jul-09,64,64.79,63.18,63.63, 1.35 ,0.00,0.17,29.18,,6.31,8.11,21.64,27.80,6.16,49.44,12.47,15.19
,21-Jul-09,60,60.3,58.1,59.76, 3.18 ,0.00,4.49,30.28,,5.86,12.02,19.36,39.71,20.35,59.07,34.44,16.56
,22-Jul-09,60,60.69,58.59,59.97, 2.59 ,0.00,0.00,30.71,,5.44,11.16,17.73,36.36,18.63,54.09,34.44,17.84
,23-Jul-09,59.99,60.04,59.43,59.64, 1.45 ,0.00,0.65,29.96,,5.06,11.02,16.87,36.77,19.90,53.64,37.09,19.21
,24-Jul-09,60,60.1,58.5,58.8, 0.67 ,0.01,0.00,28.49,,4.70,10.23,16.51,35.91,19.39,52.42,37.00,20.49
,27-Jul-09,58.73,59.16,56.3,56.8, 0.66 ,0.00,0.94,27.12,,4.37,10.44,16.11,38.50,22.39,54.61,41.00,21.95
,28-Jul-09,56.59,56.59,53.41,54.5, 0.29 ,0.00,2.57,25.47,,4.06,12.26,15.93,48.15,32.22,64.08,50.29,23.97
,29-Jul-09,54.98,55.5,51.96,52.86, 2.09 ,0.00,1.09,25.74,,3.77,12.48,14.63,48.48,33.84,63.11,53.63,26.09
,30-Jul-09,53.5,53.7,51.9,52.75, 1.74 ,0.00,1.80,25.64,,3.50,13.39,13.64,52.21,38.57,65.85,58.57,28.41
,31-Jul-09,53.4,54.4,52.05,52.66, 2.50 ,0.00,0.00,26.31,,3.25,12.43,12.34,47.24,34.90,59.59,58.57,30.57
,3-Aug-09,53.3,54.72,52.8,54.57, 2.67 ,0.00,0.00,27.10,,3.02,11.54,11.13,42.59,31.46,53.72,58.57,32.57
,4-Aug-09,55,55.67,53.64,55.57, 2.87 ,1.70,0.00,28.04,,4.50,10.72,16.05,38.23,22.18,54.28,40.86,33.16
,5-Aug-09,56.45,56.7,55.6,56.06, 3.06 ,1.45,0.00,29.09,,5.63,9.95,19.35,34.21,14.86,53.56,27.75,32.77
,6-Aug-09,57.04,57.6,56.6,57.5, 2.00 ,0.59,0.00,29.02,,5.82,9.24,20.05,31.85,11.80,51.90,22.74,32.06
,7-Aug-09,57.35,57.38,55.8,56.56, 0.78 ,0.31,0.00,27.72,,5.71,8.58,20.60,30.96,10.35,51.56,20.08,31.20
,10-Aug-09,56.9,56.9,55.81,56.17, 1.10 ,0.00,0.48,26.84,,5.30,8.45,19.76,31.47,11.72,51.23,22.87,30.61
,11-Aug-09,56.44,59.03,56.01,58.5, 3.22 ,0.00,0.00,28.15,,4.92,7.85,17.50,27.87,10.38,45.37,22.87,30.05
,12-Aug-09,58.3,58.4,56.52,57.24, 2.39 ,1.86,0.00,28.52,,6.43,7.28,22.55,25.54,2.99,48.09,6.21,28.35
,13-Aug-09,57.54,57.89,56.7,57.38, 1.37 ,0.00,0.51,27.86,,5.97,7.27,21.44,26.11,4.67,47.56,9.82,27.03
,14-Aug-09,57.91,59.25,57.71,59.25, 2.55 ,0.37,0.00,28.42,,5.92,6.75,20.82,23.77,2.95,44.59,6.61,25.57
,17-Aug-09,59.25,59.44,57.8,58.34, 1.73 ,1.34,0.00,28.12,,6.83,6.27,24.31,22.31,2.00,46.61,4.29,24.05
,18-Aug-09,58,58.48,57.16,57.16, 0.68 ,0.00,0.96,26.79,,6.35,6.78,23.69,25.32,1.64,49.01,3.34,22.57
,19-Aug-09,57.15,58.31,55.78,56.22, 1.15 ,0.00,0.17,26.03,,5.89,6.47,22.64,24.86,2.22,47.50,4.67,21.29
,20-Aug-09,56.24,56.92,54.16,55, 1.14 ,0.00,1.39,25.31,,5.47,7.40,21.62,29.23,7.61,50.85,14.96,20.84
,21-Aug-09,55,55.96,54.22,54.37, 1.80 ,0.00,0.96,25.30,,5.08,7.83,20.08,30.95,10.86,51.03,21.29,20.87
,24-Aug-09,54.9,56.78,54.65,56.2, 2.56 ,0.00,0.00,26.05,,4.72,7.27,18.11,27.91,9.80,46.02,21.29,20.90
,25-Aug-09,56.2,56.68,55.49,56.5, 2.03 ,1.30,0.00,26.22,,5.68,6.75,21.67,25.75,4.08,47.41,8.60,20.02
,26-Aug-09,56.8,57.18,55.91,56.6, 1.69 ,0.60,0.00,26.04,,5.88,6.27,22.56,24.07,1.51,46.64,3.24,18.82
,27-Aug-09,56.79,57.29,56.01,56.52, 1.38 ,0.00,0.00,25.56,,5.46,5.82,21.35,22.77,1.43,44.12,3.24,17.71
,28-Aug-09,56.76,57.7,56.15,57.5, 1.69 ,0.00,0.00,25.42,,5.07,5.40,19.93,21.26,1.33,41.19,3.24,16.68
,31-Aug-09,57.99,58.45,57.1,57.4, 2.30 ,1.23,0.00,25.91,,5.93,5.02,22.91,19.37,3.53,42.28,8.35,16.08
,1-Sep-09,57.5,58.34,55.87,58.14, 1.24 ,0.00,0.11,25.30,,5.51,4.77,21.78,18.86,2.92,40.64,7.20,15.45
,2-Sep-09,57.75,57.83,54.08,54.08, 1.96 ,0.00,0.51,25.45,,5.12,4.94,20.10,19.41,0.70,39.51,1.76,14.47
,3-Sep-09,54.2,54.87,52.88,53.01, 0.79 ,0.00,2.96,24.42,,4.75,7.55,19.45,30.90,11.45,50.36,22.73,15.06
,4-Sep-09,53,53.63,51.23,51.62, 0.75 ,0.00,1.24,23.43,,4.41,8.25,18.83,35.21,16.37,54.04,30.30,16.15
,8-Sep-09,51.11,54.98,50.9,54.86, 3.75 ,0.00,0.00,25.50,,4.10,7.66,16.06,30.03,13.97,46.09,30.30,17.16
,9-Sep-09,55.04,55.47,52.5,53.17, 4.57 ,3.93,0.00,28.25,,7.73,7.11,27.37,25.17,2.20,52.55,4.19,16.23
,10-Sep-09,53,53.25,51.74,51.8, 0.75 ,0.00,2.22,26.98,,7.18,8.82,26.61,32.70,6.09,59.31,10.26,15.81
,11-Sep-09,51.9,52.93,51.85,52.34, 1.19 ,0.00,0.32,26.25,,6.67,8.51,25.41,32.44,7.03,57.84,12.15,15.55
,14-Sep-09,54.4,55.86,51.12,51.23, 4.01 ,2.50,0.00,28.38,,8.69,7.91,30.63,27.85,2.77,58.48,4.74,14.77
,15-Sep-09,52,52.4,49.105,52.4, 1.28 ,0.00,3.46,27.63,,8.07,10.80,29.21,39.08,9.88,68.29,14.46,14.75
,16-Sep-09,53,55.98,52.8,55.61, 6.88 ,1.00,0.00,32.54,,8.49,10.03,26.11,30.82,4.72,56.93,8.28,14.29
,17-Sep-09,55.74,58.75,55.71,57, 5.95 ,2.74,0.00,36.16,,10.63,9.31,29.39,25.75,3.64,55.14,6.60,13.74
,18-Sep-09,57.5,57.7,56.45,57.2, 1.99 ,1.76,0.00,35.57,,11.63,8.65,32.69,24.31,8.38,57.01,14.70,13.81
,21-Sep-09,57.5,57.7,56.55,57.21, 1.25 ,0.00,0.00,34.28,,10.80,8.03,31.50,23.43,8.08,54.93,14.70,13.87
,22-Sep-09,57.75,57.75,56.67,57.46, 1.20 ,0.25,0.00,33.03,,10.28,7.46,31.11,22.57,8.54,53.69,15.91,14.02
,23-Sep-09,57.46,57.5,56.8,56.9, 0.83 ,0.00,0.25,31.50,,9.54,7.17,30.29,22.77,7.52,53.07,14.17,14.03
,24-Sep-09,56.94,58.9,56.94,58.4, 2.10 ,0.00,0.00,31.35,,8.86,6.66,28.27,21.25,7.02,49.51,14.17,14.04
,25-Sep-09,58.71,58.74,57.33,58.4, 1.80 ,1.77,0.00,30.91,,10.00,6.19,32.35,20.01,12.33,52.36,23.56,14.72
,28-Sep-09,58.15,58.85,57.51,58.28, 1.52 ,0.00,0.00,30.22,,9.28,5.74,30.72,19.00,11.71,49.72,23.56,15.35
,29-Sep-09,58.5,58.83,57.6,58.5, 1.32 ,0.35,0.00,29.38,,8.97,5.33,30.53,18.15,12.38,48.68,25.43,16.07
,30-Sep-09,58.7,58.82,57.28,57.66, 1.22 ,0.20,0.00,28.51,,8.53,4.95,29.92,17.37,12.55,47.30,26.54,16.82
,1-Oct-09,58.9,59.96,57.89,59.21, 2.68 ,0.20,0.00,29.15,,8.12,4.60,27.86,15.78,12.08,43.64,27.69,17.59
,2-Oct-09,59.4,59.74,59,59.18, 1.85 ,0.50,0.00,28.92,,8.04,4.27,27.81,14.77,13.04,42.57,30.63,18.53
,5-Oct-09,59,59.26,57.5,58.77, 0.26 ,0.00,0.48,27.11,,7.47,4.45,27.54,16.40,11.14,43.94,25.36,19.01
,6-Oct-09,58.4,59.44,58.25,59.05, 1.94 ,0.00,0.00,27.12,,6.93,4.13,25.57,15.22,10.35,40.79,25.36,19.47
,7-Oct-09,59.02,61.18,58.27,59.25, 2.93 ,0.62,0.00,28.11,,7.06,3.83,25.11,13.64,11.47,38.75,29.61,20.19
,8-Oct-09,59.5,60.23,58.88,59.64, 1.96 ,0.00,0.95,28.06,,6.55,4.51,23.36,16.07,7.29,39.42,18.48,20.07
,9-Oct-09,60,60.2,58.1,58.4, 1.32 ,0.50,0.00,27.38,,6.59,4.19,24.06,15.29,8.76,39.35,22.27,20.23
,12-Oct-09,58.67,58.86,58.02,58.3, 0.76 ,0.00,1.34,26.18,,6.12,5.23,23.36,19.97,3.39,43.33,7.82,19.34
,13-Oct-09,58.54,59.17,58,58.5, 1.15 ,0.00,0.00,25.46,,5.68,4.85,22.30,19.07,3.24,41.37,7.82,18.52
,14-Oct-09,59,60.08,58.56,58.79, 2.08 ,0.46,0.00,25.72,,5.73,4.51,22.29,17.52,4.76,39.81,11.96,18.05
,15-Oct-09,57.74,59.95,57.58,59.8, 1.39 ,0.00,0.13,25.27,,5.32,4.32,21.06,17.08,3.99,38.14,10.45,17.51
,16-Oct-09,59.8,61.04,58.51,59.09, 3.46 ,2.06,0.00,26.93,,7.00,4.01,26.01,14.88,11.12,40.89,27.21,18.20
,19-Oct-09,59.35,60.5,58.8,60.05, 1.99 ,0.00,0.54,27.00,,6.50,4.26,24.09,15.78,8.30,39.87,20.83,18.39
,20-Oct-09,60.18,60.18,58.78,59.4, 1.38 ,0.83,0.00,26.45,,6.87,3.96,25.97,14.96,11.01,40.93,26.90,19.00
,21-Oct-09,59.9,59.9,57.1,58.25, 1.12 ,0.00,0.28,25.68,,6.38,3.95,24.84,15.40,9.44,40.24,23.46,19.31
,22-Oct-09,59.13,60.28,58.53,60.25, 3.18 ,0.00,0.00,27.02,,5.92,3.67,21.91,13.59,8.33,35.50,23.46,19.61
,23-Oct-09,60.45,63.08,60.24,62.54, 4.55 ,1.32,0.00,29.64,,6.82,3.41,23.00,11.50,11.50,34.51,33.33,20.59
,26-Oct-09,62.55,64.48,62.33,64.2, 4.24 ,2.10,0.00,31.77,,8.43,3.17,26.54,9.97,16.58,36.51,45.41,22.36
,27-Oct-09,64.2,64.21,62.3,63.94, 1.88 ,1.65,0.00,31.38,,9.48,2.94,30.21,9.37,20.84,39.58,52.66,24.53
,28-Oct-09,63.8,65.84,63.57,65.5, 3.54 ,0.00,0.00,32.68,,8.80,2.73,26.94,8.35,18.58,35.29,52.66,26.54
,29-Oct-09,65.9,67.28,65.15,65.62, 3.71 ,2.10,0.00,34.05,,10.27,2.53,30.17,7.44,22.73,37.62,60.42,28.96
,30-Oct-09,66,68.33,64.55,67.3, 3.18 ,0.10,0.00,34.80,,9.64,2.35,27.70,6.76,20.94,34.47,60.75,31.23
,2-Nov-09,67.25,68.95,66,67.68, 4.40 ,1.25,0.00,36.71,,10.20,2.19,27.79,5.95,21.83,33.74,64.71,33.62
,3-Nov-09,67.7,69.54,67.65,69.05, 3.54 ,0.45,0.00,37.63,,9.92,2.03,26.37,5.39,20.98,31.76,66.04,35.93
,4-Nov-09,69.25,69.91,69,69.91, 2.26 ,1.55,0.00,37.20,,10.76,1.88,28.93,5.07,23.87,34.00,70.20,38.38
,5-Nov-09,70.03,75.9,70.03,73.38, 6.90 ,0.78,0.00,41.45,,10.78,1.75,26.00,4.22,21.78,30.22,72.06,40.79
,6-Nov-09,73.19,74.25,71.38,71.82, 4.22 ,3.16,0.00,42.71,,13.17,1.62,30.83,3.81,27.02,34.63,78.03,43.45
,9-Nov-09,71.83,72.75,70.6,71.55, 1.37 ,0.00,1.50,41.03,,12.23,3.01,29.80,7.33,22.46,37.13,60.50,44.67
,10-Nov-09,71,74.83,70.83,73.69, 4.23 ,0.00,0.00,42.33,,11.35,2.79,26.82,6.60,20.22,33.42,60.50,45.80
,11-Nov-09,73.99,74.25,72.51,72.68, 3.42 ,2.99,0.00,42.72,,13.53,2.59,31.67,6.07,25.60,37.75,67.82,47.37
,12-Nov-09,72.6,73.49,72.14,73.49, 0.98 ,0.00,0.76,40.65,,12.56,3.17,30.91,7.80,23.11,38.70,59.72,48.25
,13-Nov-09,73,73.53,72.25,72.99, 1.39 ,0.40,0.00,39.14,,12.07,2.94,30.83,7.52,23.31,38.35,60.79,49.15
,16-Nov-09,73,73.87,72.71,73.6, 1.62 ,0.00,0.00,37.96,,11.21,2.73,29.52,7.20,22.32,36.72,60.79,49.98
,17-Nov-09,73.87,73.9,72.46,72.9, 1.19 ,0.87,0.00,36.44,,11.27,2.54,30.94,6.96,23.98,37.90,63.26,50.93
,18-Nov-09,72.26,74.32,72.2,73.9, 1.86 ,0.00,0.00,35.70,,10.47,2.36,29.33,6.60,22.73,35.93,63.26,51.81
,19-Nov-09,73.8,74.78,73,73.15, 2.58 ,1.54,0.00,35.73,,11.26,2.19,31.52,6.12,25.40,37.64,67.47,52.93
,20-Nov-09,72.73,74,72.5,73.71, 1.00 ,0.00,0.78,34.18,,10.46,2.81,30.60,8.23,22.37,38.83,57.62,53.26
,23-Nov-09,73.46,74.01,72.66,73.15, 1.51 ,0.73,0.00,33.24,,10.44,2.61,31.40,7.85,23.55,39.26,59.99,53.74
,24-Nov-09,73.14,73.77,70.68,72.9, 1.11 ,0.00,0.24,31.98,,9.69,2.66,30.31,8.33,21.98,38.65,56.89,53.97
,25-Nov-09,72.72,72.73,70.35,71.35, 2.05 ,0.00,1.04,31.75,,9.00,3.51,28.36,11.07,17.29,39.43,43.85,53.24
,27-Nov-09,70.91,71.26,68.71,68.84, 0.91 ,0.00,1.47,30.39,,8.36,4.73,27.51,15.58,11.93,43.08,27.70,51.42
,30-Nov-09,68.59,70.24,67.57,67.75, 1.53 ,0.00,1.02,29.75,,7.76,5.41,26.09,18.20,7.89,44.30,17.81,49.02
,1-Dec-09,67.42,68,65.71,66.1, 0.43 ,0.00,2.24,28.05,,7.21,7.27,25.69,25.91,0.22,51.60,0.42,45.55
,2-Dec-09,66.25,67.7,65.8,66.1, 1.99 ,0.00,0.30,28.04,,6.69,7.05,23.87,25.14,1.27,49.01,2.59,42.48
,3-Dec-09,66.28,68.9,66.25,67.12, 3.10 ,0.03,0.00,29.14,,6.24,6.55,21.43,22.47,1.03,43.90,2.35,39.61
,4-Dec-09,67,67.41,66.1,66.53, 1.16 ,0.00,1.49,28.21,,5.80,7.57,20.55,26.82,6.27,47.37,13.24,37.73
,7-Dec-09,67.63,67.72,63.3,64.19, 1.62 ,0.63,0.00,27.82,,6.01,7.03,21.62,25.26,3.64,46.88,7.77,35.59
,8-Dec-09,64.5,64.5,62.5,63.87, 1.20 ,0.00,3.22,27.03,,5.58,9.75,20.66,36.05,15.39,56.71,27.14,34.99
,9-Dec-09,63.75,64.3,63.2,64.15, 1.80 ,0.00,0.20,26.90,,5.19,9.25,19.28,34.38,15.10,53.66,28.15,34.50
,10-Dec-09,64.15,64.45,62.88,62.88, 1.25 ,0.40,0.00,26.23,,5.22,8.59,19.88,32.74,12.86,52.63,24.44,33.78
,11-Dec-09,63,63.25,61.66,62.19, 0.37 ,0.00,1.20,24.73,,4.84,9.18,19.59,37.11,17.52,56.69,30.90,33.57
,14-Dec-09,62.1,62.88,61.52,62.5, 1.22 ,0.00,0.37,24.18,,4.50,8.89,18.60,36.76,18.17,55.36,32.81,33.52
,15-Dec-09,62.6,64,62.34,63.81, 2.48 ,0.50,0.00,24.93,,4.68,8.25,18.75,33.11,14.35,51.86,27.68,33.10
,16-Dec-09,63.86,63.98,61.87,62, 1.64 ,1.26,0.00,24.79,,5.60,7.67,22.60,30.92,8.32,53.51,15.55,31.85
,17-Dec-09,62.3,63.74,62.05,63.37, 1.87 ,0.00,0.24,24.89,,5.20,7.36,20.90,29.56,8.66,50.46,17.17,30.80
,18-Dec-09,63.42,64.34,62.95,64.19, 2.29 ,1.12,0.00,25.40,,5.95,6.83,23.42,26.89,3.47,50.32,6.90,29.09
,21-Dec-09,64.38,65.23,63.72,65.01, 2.28 ,0.96,0.00,25.87,,6.49,6.34,25.07,24.52,0.55,49.59,1.10,27.09
,22-Dec-09,65,65.2,64.3,65, 1.48 ,0.62,0.00,25.50,,6.64,5.89,26.05,23.10,2.94,49.15,5.99,25.59
,23-Dec-09,65.1,65.2,64.51,65, 0.90 ,0.10,0.00,24.58,,6.27,5.47,25.50,22.26,3.24,47.75,6.79,24.24
,24-Dec-09,65.2,65.9,64.68,65.65, 1.39 ,0.10,0.00,24.21,,5.92,5.08,24.45,20.98,3.47,45.43,7.64,23.06
,28-Dec-09,65.65,67.98,65.34,67.45, 3.30 ,0.45,0.00,25.78,,5.95,4.72,23.06,18.29,4.77,41.36,11.54,22.23
,29-Dec-09,67.5,68.98,67.01,67.85, 3.64 ,1.85,0.00,27.58,,7.37,4.38,26.73,15.88,10.85,42.61,25.46,22.47
,30-Dec-09,68.25,68.37,66.54,67.5, 1.36 ,0.75,0.00,26.97,,7.60,4.07,28.16,15.08,13.08,43.24,30.26,23.02
,31-Dec-09,67.5,69.42,67.5,69.25, 2.88 ,0.00,0.00,27.93,,7.05,3.78,25.26,13.52,11.73,38.78,30.26,23.54
,4-Jan-10,69.38,71.01,69.35,71.01, 3.51 ,1.88,0.00,29.44,,8.43,3.51,28.63,11.91,16.72,40.54,41.24,24.80
,5-Jan-10,71,72.75,70.72,72.75, 3.40 ,1.62,0.00,30.74,,9.45,3.26,30.73,10.59,20.14,41.33,48.74,26.51
,6-Jan-10,72.7,72.83,71,71.35, 2.11 ,1.70,0.00,30.65,,10.47,3.02,34.16,9.86,24.30,44.03,55.19,28.56
,7-Jan-10,71.02,71.18,68.72,69.25, 0.18 ,0.00,1.65,28.64,,9.72,4.46,33.95,15.56,18.39,49.51,37.14,29.17
,8-Jan-10,68.92,70.65,68.92,70.65, 1.93 ,0.00,0.53,28.53,,9.03,4.67,31.65,16.37,15.29,48.02,31.83,29.36
,11-Jan-10,70.4,70.4,68.2,68.38, 1.48 ,1.48,0.00,27.97,,9.86,4.34,35.27,15.50,19.77,50.77,38.94,30.05
,12-Jan-10,68.3,68.62,66.21,66.88, 0.42 ,0.00,1.78,26.39,,9.16,5.81,34.71,22.00,12.71,56.71,22.41,29.50
,13-Jan-10,66.61,66.61,64.88,64.88, 0.40 ,0.00,2.01,24.91,,8.51,7.40,34.15,29.72,4.43,63.87,6.94,27.89
,14-Jan-10,65,65.4,63.46,63.46, 0.52 ,0.00,1.21,23.65,,7.90,8.08,33.40,34.18,0.78,67.58,1.15,25.98
,15-Jan-10,63.61,64.2,62.2,63.45, 0.74 ,0.00,1.20,22.70,,7.33,8.71,32.31,38.35,6.04,70.66,8.55,24.74
,19-Jan-10,63.35,63.35,62.1,62.1, 1.15 ,0.00,0.85,22.23,,6.81,8.93,30.64,40.19,9.55,70.83,13.49,23.93
,20-Jan-10,62,63.03,61.82,62.3, 0.93 ,0.00,0.32,21.57,,6.32,8.62,29.32,39.94,10.62,69.26,15.34,23.32
,21-Jan-10,62.58,63.23,62.3,62.72, 1.41 ,0.58,0.00,21.44,,6.45,8.00,30.10,37.32,7.22,67.41,10.71,22.42
,22-Jan-10,63,65.15,62.3,64.25, 2.85 ,0.42,0.00,22.76,,6.41,7.43,28.17,32.64,4.47,60.81,7.35,21.34
,25-Jan-10,63.8,63.98,62,62.37, 1.68 ,0.00,1.17,22.81,,5.95,8.07,26.10,35.37,9.27,61.46,15.08,20.89
,26-Jan-10,62.38,63.4,62.11,62.42, 1.40 ,0.00,0.58,22.58,,5.53,8.07,24.48,35.74,11.26,60.22,18.70,20.74
,27-Jan-10,63.17,63.3,61.84,62.02, 1.19 ,0.79,0.00,22.16,,5.92,7.50,26.73,33.82,7.09,60.55,11.71,20.09
,28-Jan-10,62.46,62.64,61.64,61.9, 0.80 ,0.00,0.66,21.38,,5.50,7.62,25.73,35.65,9.92,61.37,16.16,19.81
,29-Jan-10,61.8,62.19,59.5,59.64, 0.55 ,0.00,0.45,20.40,,5.11,7.53,25.04,36.89,11.85,61.93,19.14,19.76
,1-Feb-10,59.6,60.81,59.5,59.83, 1.31 ,0.00,1.38,20.25,,4.74,8.37,23.42,41.32,17.90,64.73,27.65,20.33
,2-Feb-10,59.53,59.79,57.55,58.41, 0.29 ,0.00,1.02,19.10,,4.40,8.79,23.06,46.03,22.97,69.09,33.25,21.25
,3-Feb-10,58.2,59.37,57.85,58.47, 1.82 ,0.00,0.42,19.55,,4.09,8.58,20.91,43.90,22.98,64.81,35.46,22.27
,4-Feb-10,59.1,59.95,57.61,57.85, 2.10 ,0.90,0.00,20.26,,4.70,7.97,23.19,39.34,16.16,62.53,25.83,22.52
,5-Feb-10,57.9,59,57.19,58.09, 1.39 ,0.00,0.95,20.20,,4.36,8.35,21.59,41.34,19.75,62.93,31.38,23.15
,8-Feb-10,57.9,57.93,56.61,56.9, 0.74 ,0.00,1.07,19.50,,4.05,8.82,20.77,45.26,24.49,66.03,37.08,24.15
,9-Feb-10,56.9,57.61,56.32,56.59, 1.00 ,0.00,0.32,19.10,,3.76,8.51,19.69,44.57,24.88,64.25,38.72,25.19
,10-Feb-10,57.1,57.1,54.81,55.5, 0.78 ,0.00,0.51,18.52,,3.49,8.42,18.86,45.44,26.58,64.30,41.35,26.34
,11-Feb-10,55.51,55.84,54.36,55.15, 1.03 ,0.00,1.26,18.23,,3.24,9.07,17.79,49.79,32.00,67.58,47.35,27.84
,12-Feb-10,55.8,59.84,55.21,58.79, 5.48 ,0.29,0.00,22.40,,3.30,8.43,14.73,37.61,22.88,52.34,43.70,28.98
,16-Feb-10,59,59.88,57.2,58.25, 4.67 ,3.20,0.00,25.47,,6.27,7.82,24.59,30.71,6.12,55.31,11.06,27.70
,17-Feb-10,57.1,57.24,54.5,54.5, 0.10 ,0.00,2.64,23.75,,5.82,9.91,24.49,41.70,17.21,66.19,26.00,27.58
,18-Feb-10,55,55.19,51.34,51.5, 0.69 ,0.00,2.05,22.75,,5.40,11.25,23.75,49.45,25.70,73.19,35.11,28.11
,19-Feb-10,51.88,52.95,50.02,50.98, 1.61 ,0.00,2.24,22.73,,5.02,12.68,22.07,55.80,33.73,77.86,43.32,29.20
,22-Feb-10,51.15,51.26,49.42,50.69, 1.24 ,0.00,1.69,22.35,,4.66,13.47,20.84,60.26,39.42,81.11,48.61,30.59
,23-Feb-10,50.71,51.63,50.48,50.8, 2.21 ,0.00,0.00,22.96,,4.33,12.51,18.84,54.46,35.63,73.30,48.61,31.87
,24-Feb-10,50.76,50.76,49.055,49.295, 0.28 ,0.00,0.87,21.60,,4.02,12.48,18.59,57.79,39.19,76.38,51.32,33.26
,25-Feb-10,49.05,50.48,48.81,49.3, 1.42 ,0.00,0.28,21.48,,3.73,11.87,17.36,55.26,37.90,72.61,52.19,34.61
,26-Feb-10,49.3,50.5,48.65,49.48, 1.69 ,0.25,0.00,21.64,,3.71,11.02,17.16,50.94,33.78,68.10,49.61,35.68
,1-Mar-10,49.6,51.13,49.225,50.35, 2.48 ,0.30,0.00,22.57,,3.75,10.24,16.60,45.34,28.74,61.95,46.40,36.45
,2-Mar-10,50.16,51.3,48.58,48.67, 2.07 ,0.56,0.00,23.04,,4.04,9.50,17.54,41.26,23.72,58.80,40.34,36.73
,3-Mar-10,48.925,49.13,46.64,46.87, 0.55 ,0.00,2.17,21.94,,3.75,11.00,17.10,50.12,33.02,67.21,49.12,37.61
,4-Mar-10,46.8,48.23,45.53,47.36, 1.59 ,0.00,0.90,21.96,,3.48,11.11,15.86,50.59,34.72,66.45,52.26,38.66
,5-Mar-10,47.36,47.54,45.81,45.95, 2.01 ,0.00,0.69,22.41,,3.23,11.01,14.44,49.13,34.69,63.56,54.57,39.80
,8-Mar-10,45.96,46.32,44.615,45.12, 0.51 ,0.00,1.22,21.31,,3.00,11.44,14.09,53.68,39.58,67.77,58.41,41.13
,9-Mar-10,45.5,45.6,43.75,44.16, 0.98 ,0.00,0.72,20.78,,2.79,11.34,13.42,54.60,41.17,68.02,60.53,42.51
,10-Mar-10,44.175,44.86,43.31,43.5, 1.11 ,0.00,0.74,20.40,,2.59,11.27,12.69,55.25,42.56,67.95,62.64,43.95
,11-Mar-10,43.97,45.335,43.6,44.5, 2.02 ,0.00,0.00,20.97,,2.40,10.47,11.47,49.92,38.45,61.39,62.64,45.28
,12-Mar-10,48.5,50.19,46.56,49.25, 6.59 ,4.53,0.00,26.06,,6.76,9.72,25.95,37.30,11.35,63.25,17.94,43.33
,15-Mar-10,49.8,49.9,47.165,47.695, 3.34 ,1.30,0.00,27.54,,7.58,9.03,27.52,32.77,5.25,60.30,8.71,40.86
,16-Mar-10,48,48.8,42.34,42.34, 1.63 ,0.00,1.10,27.21,,7.04,9.48,25.87,34.85,8.98,60.71,14.79,39.00
,17-Mar-10,42.315,43.29,41.4,42.3, 0.95 ,0.00,5.51,26.22,,6.54,14.31,24.93,54.60,29.67,79.53,37.31,38.87
,18-Mar-10,43,43.1,40.25,40.8, 1.70 ,0.69,0.00,26.04,,6.75,13.29,25.93,51.04,25.10,76.97,32.61,38.43
,19-Mar-10,41,42.6,40.3,41.7, 2.35 ,0.00,0.50,26.53,,6.27,12.84,23.64,48.40,24.76,72.04,34.38,38.14
,22-Mar-10,41.95,44.155,41.8,44.03, 3.86 ,0.95,0.00,28.49,,6.77,11.92,23.77,41.85,18.08,65.63,27.55,37.38
,23-Mar-10,44.195,44.32,42.4,42.71, 2.52 ,2.24,0.00,28.98,,8.53,11.07,29.45,38.21,8.76,67.67,12.95,35.64
,24-Mar-10,42.98,45.06,42.45,44.965, 2.66 ,0.00,0.00,29.57,,7.93,10.28,26.80,34.78,7.97,61.58,12.95,34.02
,25-Mar-10,45,46.095,44.12,45.4, 3.64 ,2.02,0.00,31.10,,9.38,9.55,30.16,30.70,0.54,60.86,0.89,31.65
,26-Mar-10,45.5,46.15,42.95,43.085, 2.03 ,0.50,0.00,30.91,,9.21,8.87,29.79,28.68,1.11,58.48,1.90,29.52
,29-Mar-10,43,44.29,42.625,43.25, 1.34 ,0.00,1.86,30.04,,8.55,10.09,28.47,33.60,5.13,62.06,8.27,28.01
,30-Mar-10,43.56,43.77,40.37,40.37, 1.15 ,0.56,0.00,29.04,,8.50,9.37,29.27,32.27,3.00,61.54,4.87,26.35
,31-Mar-10,40.745,40.92,39.33,40.35, 0.55 ,0.00,2.85,27.52,,7.89,11.55,28.69,41.98,13.30,70.67,18.82,25.82
,1-Apr-10,39.5,43.12,39,42, 3.79 ,0.00,0.00,29.34,,7.33,10.73,24.98,36.56,11.58,61.54,18.82,25.32
,5-Apr-10,42.63,42.63,40.63,40.94, 3.63 ,3.13,0.00,30.87,,9.94,9.96,32.18,32.26,0.08,64.44,0.12,23.52
,6-Apr-10,40.52,41.695,39.81,39.995, 1.06 ,0.00,0.94,29.73,,9.23,10.18,31.03,34.25,3.22,65.28,4.94,22.19
,7-Apr-10,40.08,40.6,37.92,38.48, 0.79 ,0.00,1.09,28.40,,8.57,10.55,30.17,37.15,6.99,67.32,10.38,21.35
,8-Apr-10,38.245,38.245,36.055,36.385, 0.32 ,0.00,2.36,26.70,,7.96,12.15,29.80,45.52,15.72,75.32,20.88,21.31
,9-Apr-10,36.5,37.34,36.37,36.545, 1.29 ,0.00,0.90,26.08,,7.39,12.19,28.33,46.75,18.42,75.08,24.53,21.54
,12-Apr-10,36.54,37,34.525,34.725, 0.63 ,0.00,0.34,24.84,,6.86,11.66,27.61,46.93,19.32,74.54,25.92,21.85
,13-Apr-10,35,37.67,34.96,37.265, 3.15 ,0.00,0.00,26.21,,6.37,10.83,24.30,41.30,17.00,65.60,25.92,22.14
,14-Apr-10,37.65,38.8,37.41,37.975, 3.84 ,2.65,0.00,28.18,,8.56,10.05,30.39,35.67,5.28,66.07,8.00,21.13
,15-Apr-10,37.94,39.88,37.81,39.16, 2.47 ,0.29,0.00,28.64,,8.24,9.34,28.78,32.60,3.81,61.38,6.21,20.07
,16-Apr-10,38.845,38.845,37.56,38, 1.03 ,0.00,1.04,27.63,,7.65,9.70,27.70,35.12,7.42,62.83,11.81,19.48
,19-Apr-10,38.1,38.56,37.62,38, 1.00 ,0.00,0.28,26.65,,7.11,9.30,26.67,34.87,8.21,61.54,13.34,19.04
,20-Apr-10,38.435,38.46,36.485,36.485, 0.84 ,0.34,0.00,25.59,,6.93,8.63,27.10,33.73,6.63,60.83,10.90,18.46
,21-Apr-10,36.5,36.745,34.65,34.77, 0.26 ,0.00,1.72,24.02,,6.44,9.73,26.81,40.50,13.70,67.31,20.35,18.59
,22-Apr-10,35.3,38.115,35.3,37.25, 3.47 ,0.00,0.00,25.77,,5.98,9.03,23.20,35.06,11.86,58.26,20.35,18.72
,23-Apr-10,36.79,37.915,36.225,37.915, 2.62 ,1.49,0.00,26.55,,7.04,8.39,26.53,31.60,5.08,58.13,8.73,18.01
,26-Apr-10,37.5,39.445,36.985,39.225, 3.22 ,0.71,0.00,27.87,,7.25,7.79,26.01,27.95,1.94,53.96,3.60,16.98
,27-Apr-10,39.5,40.3,38.77,39.375, 3.31 ,2.00,0.00,29.19,,8.73,7.23,29.91,24.78,5.13,54.69,9.38,16.43
,28-Apr-10,39.5,41.36,39.04,41.35, 2.59 ,0.00,0.00,29.70,,8.11,6.72,27.30,22.62,4.68,49.92,9.38,15.93
,29-Apr-10,41.61,41.96,38.71,38.78, 2.92 ,2.11,0.00,30.50,,9.64,6.24,31.60,20.45,11.15,52.06,21.42,16.32
,30-Apr-10,38.78,41,38.3,40.4, 2.29 ,0.00,0.96,30.61,,8.95,6.75,29.24,22.06,7.18,51.30,14.00,16.16
,3-May-10,40.18,40.66,39.01,39.77, 2.36 ,1.40,0.00,30.78,,9.71,6.27,31.55,20.37,11.18,51.91,21.53,16.54
,4-May-10,39.77,40.33,39.21,39.8, 1.32 ,0.00,0.33,29.90,,9.02,6.15,30.15,20.57,9.58,50.73,18.89,16.71
,5-May-10,39.56,39.95,38.54,38.86, 0.74 ,0.00,0.38,28.51,,8.37,6.09,29.37,21.37,8.00,50.74,15.77,16.64
,6-May-10,39.49,41.19,39.16,39.4, 2.65 ,0.00,0.00,29.12,,7.78,5.66,26.70,19.43,7.27,46.12,15.77,16.58
,7-May-10,39.8,40,38.41,38.78, 0.84 ,0.00,1.19,27.88,,7.22,6.44,25.89,23.11,2.79,49.00,5.68,15.80
,10-May-10,38.725,38.725,37.6,37.785, 0.32 ,0.00,1.27,26.20,,6.70,7.26,25.58,27.70,2.11,53.28,3.97,14.96
,11-May-10,37,40.25,36.5,39.365, 2.65 ,0.00,0.00,26.98,,6.23,6.74,23.07,24.98,1.91,48.05,3.97,14.17
,12-May-10,39.62,40.75,38.56,38.63, 4.25 ,2.62,0.00,29.31,,8.40,6.26,28.67,21.35,7.31,50.02,14.62,14.20
,13-May-10,39.44,40.98,39.055,40.83, 2.42 ,0.00,0.00,29.63,,7.80,5.81,26.32,19.61,6.71,45.93,14.62,14.23
,14-May-10,41.2,43.36,41.16,42.87, 4.31 ,1.76,0.00,31.82,,9.00,5.40,28.29,16.96,11.34,45.25,25.05,15.00
,17-May-10,42.9,44.4,42.12,44, 3.24 ,1.70,0.00,32.79,,10.06,5.01,30.68,15.28,15.40,45.96,33.51,16.33
,18-May-10,43.8,43.885,42.82,43.235, 1.77 ,0.90,0.00,32.21,,10.24,4.65,31.80,14.44,17.35,46.24,37.52,17.84
,19-May-10,43.38,43.45,42.1,42.3, 0.63 ,0.00,0.43,30.54,,9.51,4.76,31.14,15.57,15.57,46.71,33.33,18.95
,20-May-10,42.05,42.2,39.8,39.86, 0.10 ,0.00,1.25,28.46,,8.83,5.67,31.03,19.91,11.12,50.94,21.83,19.15
,21-May-10,39.25,40.64,38.855,40.2, 0.84 ,0.00,1.56,27.27,,8.20,6.82,30.07,25.02,5.06,55.09,9.18,18.44
,24-May-10,40.245,41.18,40.12,40.24, 2.33 ,0.99,0.00,27.64,,8.61,6.33,31.14,22.91,8.23,54.06,15.23,18.21
,25-May-10,39.455,39.96,38.42,39, 0.66 ,0.00,1.22,26.33,,7.99,7.10,30.36,26.97,3.39,57.32,5.92,17.33
,26-May-10,38.6,39.26,36,36.7, 0.84 ,0.00,0.70,25.29,,7.42,7.29,29.35,28.84,0.51,58.19,0.88,16.16
,27-May-10,37.35,38.36,37.005,37.855, 2.36 ,0.00,0.90,25.85,,6.89,7.67,26.67,29.69,3.02,56.36,5.35,15.39
,28-May-10,38.12,38.2,36.865,37.58, 1.20 ,0.77,0.00,25.20,,7.17,7.12,28.46,28.28,0.18,56.74,0.32,14.31
,1-Jun-10,36.9,37.5,36.11,36.4, 0.63 ,0.00,0.70,24.03,,6.66,7.32,27.71,30.45,2.74,58.15,4.71,13.62
,2-Jun-10,36.5,36.64,34.8,35.375, 0.53 ,0.00,0.86,22.84,,6.18,7.65,27.07,33.50,6.44,60.57,10.63,13.41
,3-Jun-10,36.3,37.71,35.9,37.6, 2.91 ,0.00,0.00,24.12,,5.74,7.11,23.80,29.46,5.66,53.26,10.63,13.21
,4-Jun-10,37.6,38.835,36.84,38.835, 2.94 ,1.30,0.00,25.33,,6.63,6.60,26.17,26.05,0.13,52.22,0.24,12.28
,7-Jun-10,39.2,39.2,38.32,38.52, 2.36 ,1.60,0.00,25.88,,7.76,6.13,29.97,23.67,6.30,53.64,11.74,12.25
,8-Jun-10,38.04,38.08,36.375,36.375, 0.28 ,0.00,1.12,24.32,,7.20,6.81,29.62,28.01,1.62,57.63,2.81,11.57
,9-Jun-10,36.785,37.73,35.175,35.175, 1.35 ,0.00,0.35,23.93,,6.69,6.67,27.95,27.88,0.06,55.83,0.11,10.75
,10-Jun-10,35.48,35.79,34.54,35.04, 0.62 ,0.00,1.94,22.84,,6.21,8.14,27.19,35.63,8.43,62.82,13.42,10.94
,11-Jun-10,35.1,35.2,32.93,33.66, 0.66 ,0.00,0.59,21.87,,5.77,8.15,26.37,37.25,10.88,63.62,17.09,11.38
,14-Jun-10,34.06,35.32,33.4,35.16, 2.39 ,0.00,0.00,22.70,,5.36,7.56,23.60,33.33,9.73,56.92,17.09,11.79
,15-Jun-10,36,36,33.91,34.8, 2.60 ,1.94,0.00,23.67,,6.91,7.02,29.20,29.67,0.47,58.87,0.79,11.01
,16-Jun-10,34.3,35.45,34,35.185, 1.54 ,0.00,0.55,23.52,,6.42,7.07,27.29,30.06,2.77,57.35,4.84,10.57
,17-Jun-10,34.11,35.095,33.1,34.945, 1.09 ,0.00,0.36,22.94,,5.96,6.92,25.99,30.18,4.19,56.16,7.46,10.34
,18-Jun-10,35.07,36.075,35.005,35.69, 2.98 ,0.96,0.00,24.28,,6.49,6.43,26.76,26.48,0.28,53.23,0.52,9.64
,21-Jun-10,36,36.195,34.06,34.325, 1.19 ,0.93,0.00,23.73,,6.96,5.97,29.33,25.15,4.18,54.48,7.68,9.50
,22-Jun-10,34.49,34.695,33.7,33.83, 0.63 ,0.00,1.50,22.67,,6.46,7.04,28.51,31.06,2.55,59.57,4.28,9.13
,23-Jun-10,33.7,34.07,32.65,32.65, 0.37 ,0.00,0.63,21.42,,6.00,7.16,28.02,33.44,5.42,61.46,8.83,9.11
,24-Jun-10,33,33.265,31.01,31.2, 0.62 ,0.00,0.80,20.51,,5.57,7.46,27.18,36.37,9.19,63.54,14.46,9.49
,25-Jun-10,30.2,32.89,29.685,32.75, 1.88 ,0.00,0.38,20.92,,5.18,7.30,24.74,34.89,10.15,59.63,17.03,10.03
,28-Jun-10,33.195,33.21,30.57,30.615, 3.53 ,3.00,0.00,22.95,,7.80,6.78,33.99,29.53,4.45,63.52,7.01,9.81
,29-Jun-10,27,28.235,24.435,26.4, 3.57 ,0.00,4.98,24.88,,7.24,11.27,29.11,45.29,16.18,74.40,21.75,10.66
,30-Jun-10,27.59,28.6,26.03,27.51, 4.17 ,0.59,0.00,27.27,,7.32,10.46,26.83,38.37,11.54,65.20,17.71,11.17
,1-Jul-10,26.5,31.48,26.12,31.365, 5.45 ,0.00,0.00,30.77,,6.79,9.72,22.08,31.58,9.50,53.65,17.71,11.63
,2-Jul-10,31.62,31.885,29.82,30.2, 5.77 ,5.12,0.00,34.34,,11.43,9.02,33.28,26.27,7.01,59.55,11.76,11.64
,6-Jul-10,29.6,31.005,29.11,29.255, 1.18 ,0.00,0.88,33.07,,10.61,9.26,32.09,27.99,4.09,60.08,6.81,11.30
,7-Jul-10,29.255,29.615,27.745,27.745, 0.50 ,0.00,1.39,31.21,,9.85,9.99,31.57,31.99,0.43,63.56,0.67,10.54
,8-Jul-10,27.6,27.7,26.105,26.305, 0.14 ,0.00,1.91,29.13,,9.15,11.19,31.41,38.41,7.00,69.82,10.02,10.50
,9-Jul-10,26,26.74,23.12,26.4, 0.63 ,0.00,0.96,27.68,,8.50,11.35,30.69,41.00,10.30,71.69,14.38,10.78
,12-Jul-10,26,27.48,25.32,26.195, 4.36 ,0.00,0.00,30.07,,7.89,10.54,26.24,35.05,8.81,61.29,14.38,11.04
,13-Jul-10,27.255,29.2,26.7,29.135, 3.88 ,1.25,0.00,31.80,,8.58,9.79,26.99,30.77,3.79,57.76,6.56,10.72
,14-Jul-10,29.95,30.3,28.51,29.23, 3.60 ,2.70,0.00,33.13,,10.66,9.09,32.19,27.43,4.76,59.62,7.98,10.52
,15-Jul-10,29.41,30.58,28.76,29.37, 2.07 ,0.00,0.00,32.83,,9.90,8.44,30.16,25.70,4.46,55.86,7.98,10.34
,16-Jul-10,29.25,29.675,28.36,29.24, 0.91 ,0.00,0.90,31.40,,9.19,8.74,29.28,27.83,1.45,57.11,2.53,9.78
,19-Jul-10,29.8,29.96,28.41,29.43, 1.60 ,0.55,0.00,30.76,,9.09,8.12,29.54,26.39,3.16,55.93,5.65,9.49
,20-Jul-10,30.97,32.2,30.12,30.895, 3.79 ,1.17,0.00,32.35,,9.61,7.54,29.70,23.29,6.41,52.99,12.09,9.67
,21-Jul-10,31.85,32.7,31.2,32.7, 2.58 ,0.88,0.00,32.62,,9.80,7.00,30.05,21.45,8.60,51.50,16.69,10.17
,22-Jul-10,32.94,33.15,31.945,32.43, 1.95 ,1.09,0.00,32.24,,10.19,6.50,31.61,20.15,11.46,51.77,22.13,11.03
,23-Jul-10,32.3,32.885,31.21,31.84, 0.94 ,0.00,0.27,30.88,,9.46,6.30,30.65,20.40,10.25,51.05,20.08,11.67
,26-Jul-10,31.72,33.18,31.225,32.89, 1.97 ,0.00,0.00,30.64,,8.79,5.85,28.68,19.09,9.59,47.77,20.08,12.27
,27-Jul-10,33.1,33.72,32.005,32.33, 2.49 ,1.38,0.00,30.95,,9.54,5.43,30.83,17.55,13.28,48.38,27.45,13.36
,28-Jul-10,32.53,33.7,31.835,33.405, 1.70 ,0.00,0.02,30.43,,8.86,5.06,29.11,16.64,12.47,45.75,27.26,14.35
,29-Jul-10,33.5,34.18,32.665,33, 2.34 ,0.97,0.00,30.60,,9.20,4.70,30.05,15.36,14.69,45.41,32.34,15.64
,30-Jul-10,33.5,34.79,33.045,34.5, 2.13 ,0.00,0.00,30.54,,8.54,4.37,27.96,14.29,13.66,42.25,32.34,16.83
,2-Aug-10,34.8,36.2,34.14,36.2, 3.16 ,1.30,0.00,31.52,,9.23,4.05,29.28,12.86,16.42,42.15,38.96,18.41
,3-Aug-10,36.2,36.66,35.65,36.5, 2.52 ,1.40,0.00,31.79,,9.97,3.76,31.37,11.84,19.52,43.21,45.18,20.32
,4-Aug-10,36.6,36.645,35.57,35.57, 1.00 ,0.40,0.00,30.51,,9.66,3.50,31.65,11.46,20.20,43.11,46.85,22.22
,5-Aug-10,35.56,35.985,34.845,35.1, 0.41 ,0.00,0.66,28.75,,8.97,3.91,31.20,13.59,17.61,44.79,39.32,23.44
,6-Aug-10,35.6,35.68,31.725,32.7, 0.84 ,0.00,0.30,27.53,,8.33,3.93,30.25,14.28,15.97,44.53,35.86,24.33
,9-Aug-10,32.8,33.33,32.32,32.8, 1.60 ,0.00,2.35,27.17,,7.73,6.00,28.46,22.09,6.37,50.55,12.61,23.49
,10-Aug-10,32.7,32.77,29.92,30.16, 0.45 ,0.00,0.56,25.68,,7.18,6.13,27.97,23.88,4.08,51.85,7.87,22.37
,11-Aug-10,30.48,30.54,29.035,29.035, 0.62 ,0.00,2.23,24.46,,6.67,7.92,27.26,32.39,5.14,59.65,8.61,21.39
,12-Aug-10,29.45,29.505,28.64,28.71, 0.47 ,0.00,1.04,23.18,,6.19,8.39,26.70,36.20,9.50,62.91,15.10,20.94
,13-Aug-10,28.785,29.45,27.82,28.36, 0.81 ,0.00,0.05,22.34,,5.75,7.85,25.74,35.14,9.40,60.87,15.44,20.55
,16-Aug-10,28.3,28.36,27.525,27.8, 0.54 ,0.00,1.09,21.28,,5.34,8.38,25.08,39.37,14.28,64.45,22.16,20.66
,17-Aug-10,28,28.18,26.72,26.795, 0.66 ,0.00,0.18,20.42,,4.96,7.96,24.28,38.98,14.71,63.26,23.25,20.85
,18-Aug-10,27,28.485,27,27.9, 1.77 ,0.00,0.00,20.72,,4.60,7.39,22.21,35.66,13.45,57.87,23.25,21.02
,19-Aug-10,28.18,28.21,26.31,27.02, 1.21 ,1.18,0.00,20.45,,5.45,6.86,26.67,33.55,6.89,60.22,11.44,20.34
,20-Aug-10,27.49,28.52,27.05,27.905, 2.21 ,0.00,0.00,21.20,,5.06,6.37,23.89,30.06,6.17,53.94,11.44,19.70
,23-Aug-10,27.85,28.96,27.165,28.045, 1.91 ,0.36,0.00,21.60,,5.06,5.92,23.44,27.40,3.96,50.84,7.79,18.85
,24-Aug-10,27.9,27.9,26.85,27, 0.73 ,0.00,1.06,20.79,,4.70,6.56,22.61,31.53,8.92,54.14,16.47,18.68
,25-Aug-10,26.44,27.48,26.1,27.055, 0.63 ,0.00,0.42,19.94,,4.37,6.51,21.90,32.64,10.74,54.54,19.70,18.75
,26-Aug-10,27.59,27.59,24.615,24.615, 1.49 ,1.15,0.00,20.00,,5.20,6.04,26.02,30.21,4.19,56.22,7.46,17.94
,27-Aug-10,24.9,24.95,23.86,24.05, 0.34 ,0.00,2.64,18.91,,4.83,8.25,25.55,43.64,18.08,69.19,26.13,18.53
,30-Aug-10,24.57,24.85,23.125,24.35, 0.99 ,0.00,0.10,18.55,,4.49,7.76,24.19,41.85,17.65,66.04,26.73,19.12
,31-Aug-10,25,25.42,23.005,23.035, 2.30 ,0.43,0.00,19.52,,4.60,7.21,23.55,36.92,13.38,60.47,22.12,19.33
,1-Sep-10,22.59,23.36,22.22,22.935, 0.41 ,0.00,2.06,18.54,,4.27,8.75,23.02,47.21,24.19,70.23,34.44,20.41
,2-Sep-10,23.2,23.45,22.375,22.575, 1.23 ,0.61,0.00,18.44,,4.57,8.13,24.79,44.06,19.27,68.86,27.98,20.95
,3-Sep-10,23.4,23.425,21.22,21.235, 1.05 ,0.20,0.00,18.18,,4.45,7.55,24.46,41.52,17.05,65.98,25.85,21.30
,7-Sep-10,21.02,22.15,20.61,21.95, 0.93 ,0.00,1.28,17.81,,4.13,8.28,23.18,46.51,23.32,69.69,33.47,22.17
,8-Sep-10,21.85,22.64,21.475,22.295, 2.03 ,0.83,0.00,18.57,,4.66,7.69,25.12,41.42,16.30,66.54,24.50,22.34
,9-Sep-10,22.32,22.96,21.23,21.82, 1.48 ,0.47,0.00,18.73,,4.80,7.14,25.64,38.14,12.50,63.78,19.60,22.14
,10-Sep-10,22.1,23.25,21.52,22.375, 2.02 ,0.00,0.00,19.41,,4.46,6.63,22.97,34.17,11.20,57.14,19.60,21.96
,13-Sep-10,21.7,22.67,20.7,22.44, 1.15 ,0.00,0.58,19.17,,4.14,6.74,21.59,35.14,13.55,56.74,23.89,22.10
,14-Sep-10,23,23.145,21.83,23, 2.45 ,1.30,0.00,20.25,,5.14,6.26,25.41,30.90,5.50,56.31,9.76,21.22
,15-Sep-10,22.88,23.32,21.925,22.295, 1.49 ,0.00,0.00,20.29,,4.78,5.81,23.54,28.63,5.09,52.17,9.76,20.40
,16-Sep-10,22.595,24.13,22.25,23.86, 2.20 ,0.00,0.00,21.05,,4.44,5.39,21.07,25.63,4.56,46.70,9.76,19.64
,17-Sep-10,23.86,24.265,23.15,23.345, 2.02 ,1.27,0.00,21.56,,5.38,5.01,24.97,23.24,1.74,48.21,3.60,18.49
,20-Sep-10,22.81,23.42,22.465,23.4, 0.34 ,0.00,0.84,20.36,,5.00,5.50,24.55,27.00,2.44,51.55,4.74,17.51
,21-Sep-10,23.6,24.94,23.47,24.29, 2.48 ,0.79,0.00,21.38,,5.43,5.10,25.41,23.87,1.53,49.28,3.11,16.48
,22-Sep-10,24.865,25.185,23.23,23.495, 1.71 ,1.26,0.00,21.57,,6.31,4.74,29.25,21.97,7.28,51.23,14.21,16.32
,23-Sep-10,23.15,23.33,22.21,22.27, 0.10 ,0.00,1.86,20.13,,5.86,6.26,29.11,31.08,1.98,60.19,3.28,15.39
,24-Sep-10,22.5,22.72,22.01,22.3, 0.51 ,0.00,0.61,19.20,,5.44,6.42,28.33,33.43,5.10,61.77,8.26,14.88
,27-Sep-10,21.7,23.6,21.3,23.45, 1.59 ,0.00,0.00,19.42,,5.05,5.96,26.01,30.70,4.68,56.71,8.26,14.41
,28-Sep-10,23.58,24.935,23.52,24.7, 3.63 ,1.88,0.00,21.67,,6.57,5.53,30.33,25.55,4.78,55.87,8.56,13.99
,29-Sep-10,24.83,25.225,24.52,25.03, 1.71 ,1.25,0.00,21.82,,7.35,5.14,33.68,23.55,10.13,57.23,17.71,14.25
,30-Sep-10,25,25.25,24.61,25.11, 0.73 ,0.17,0.00,20.99,,7.00,4.77,33.32,22.73,10.59,56.05,18.90,14.58
,1-Oct-10,25,25.12,23.7,23.7, 0.51 ,0.00,0.13,20.00,,6.50,4.56,32.47,22.80,9.67,55.28,17.50,14.79
,4-Oct-10,23.605,23.965,23.36,23.775, 0.27 ,0.00,1.16,18.84,,6.03,5.39,32.02,28.61,3.41,60.63,5.62,14.14
,5-Oct-10,24,24.3,22.79,22.89, 0.94 ,0.39,0.00,18.44,,6.00,5.01,32.53,27.15,5.37,59.68,9.01,13.77
,6-Oct-10,23.015,23.4,22.93,23.01, 0.61 ,0.00,0.90,17.73,,5.57,5.55,31.41,31.29,0.11,62.70,0.18,12.80
,7-Oct-10,22.88,22.88,22.205,22.38, 0.05 ,0.00,0.52,16.51,,5.17,5.67,31.31,34.35,3.04,65.66,4.62,12.22
,8-Oct-10,22.46,22.6,21.305,21.415, 0.40 ,0.00,0.28,15.73,,4.80,5.55,30.53,35.27,4.74,65.79,7.20,11.86
,11-Oct-10,21.5,21.9,20.56,20.795, 0.59 ,0.00,0.70,15.20,,4.46,5.85,29.33,38.49,9.16,67.82,13.51,11.98
,12-Oct-10,20.73,21.66,20.45,21.2, 1.10 ,0.00,0.24,15.21,,4.14,5.67,27.21,37.29,10.08,64.50,15.62,12.24
,13-Oct-10,20.7,21,19.938,20.125, 0.55 ,0.00,0.66,14.68,,3.84,5.93,26.19,40.39,14.19,66.58,21.32,12.89
,14-Oct-10,20.3,20.6,19.612,19.686, 0.66 ,0.00,0.40,14.29,,3.57,5.90,24.98,41.31,16.34,66.29,24.64,13.73
,15-Oct-10,19.83,20.32,19.414,20.235, 0.71 ,0.00,0.28,13.98,,3.31,5.76,23.71,41.22,17.51,64.94,26.97,14.67
,18-Oct-10,19.99,21.1,19.78,20.615, 1.69 ,0.16,0.00,14.67,,3.24,5.35,22.08,36.49,14.41,58.56,24.60,15.38
,19-Oct-10,20.9,21.78,20.835,21.47, 2.00 ,0.91,0.00,15.62,,3.92,4.97,25.08,31.81,6.74,56.89,11.84,15.13
,20-Oct-10,21.66,22.59,21.18,22.485, 1.75 ,0.76,0.00,16.26,,4.40,4.61,27.04,28.38,1.33,55.42,2.41,14.22
,21-Oct-10,22.035,22.97,21.7,22.43, 1.79 ,0.38,0.00,16.89,,4.46,4.28,26.40,25.37,1.03,51.77,1.99,13.35
,22-Oct-10,22.4,22.99,21.82,22.83, 1.29 ,0.36,0.00,16.97,,4.50,3.98,26.54,23.44,3.10,49.98,6.20,12.84
,25-Oct-10,22.9,23.72,22.34,23.455, 1.90 ,0.50,0.00,17.66,,4.68,3.69,26.52,20.92,5.60,47.44,11.80,12.76
,26-Oct-10,23.605,24.36,23.16,24.075, 2.02 ,0.71,0.00,18.42,,5.05,3.43,27.44,18.62,8.81,46.06,19.13,13.22
,27-Oct-10,24,24.8,23.725,23.925, 1.64 ,0.39,0.00,18.74,,5.09,3.19,27.14,16.99,10.15,44.14,22.99,13.91
,28-Oct-10,23.1,24.415,22.41,23.995, 0.69 ,0.00,0.39,18.09,,4.72,3.34,26.11,18.47,7.63,44.58,17.12,14.14
,29-Oct-10,24.07,24.165,23.545,23.845, 1.75 ,0.97,0.00,18.56,,5.36,3.10,28.87,16.73,12.14,45.59,26.63,15.04
,1-Nov-10,23.66,24.52,23.01,23.22, 0.97 ,0.00,0.00,18.20,,4.97,2.88,27.32,15.83,11.49,43.15,26.63,15.86
,2-Nov-10,23.3,23.405,22.62,22.71, 0.39 ,0.00,1.11,17.30,,4.62,3.79,26.70,21.92,4.78,48.61,9.84,15.43
,3-Nov-10,22.835,23.24,21.87,22.82, 0.62 ,0.00,0.17,16.68,,4.29,3.69,25.71,22.09,3.62,47.80,7.56,14.87
,4-Nov-10,23,27.15,23,26.42, 5.28 ,0.16,0.00,20.77,,4.15,3.42,19.97,16.47,3.49,36.44,9.58,14.49
,5-Nov-10,26.42,28.12,26.2,27.5, 5.12 ,3.42,0.00,24.41,,7.27,3.18,29.79,13.02,16.77,42.81,39.17,16.26
,8-Nov-10,27.705,27.735,26.56,26.875, 1.54 ,1.28,0.00,24.20,,8.04,2.95,33.21,12.19,21.02,45.40,46.29,18.40
,9-Nov-10,26.52,27.7,26.005,27.47, 1.14 ,0.00,0.04,23.61,,7.46,2.77,31.61,11.75,19.85,43.36,45.79,20.36
,10-Nov-10,27.295,27.35,25.4,25.6, 1.35 ,0.78,0.00,23.27,,7.70,2.58,33.11,11.07,22.04,44.18,49.87,22.47
,11-Nov-10,25.45,25.895,24.34,24.82, 0.50 ,0.00,1.46,22.10,,7.15,3.85,32.37,17.41,14.96,49.78,30.05,23.01
,12-Nov-10,24.9,25.19,24.12,24.455, 0.85 ,0.00,0.70,21.37,,6.64,4.28,31.08,20.01,11.07,51.10,21.66,22.91
,15-Nov-10,24.67,26.1,24.59,25, 1.98 ,0.00,0.00,21.83,,6.17,3.97,28.26,18.20,10.06,46.46,21.66,22.82
,16-Nov-10,25.5,25.715,24.62,25.605, 1.13 ,0.83,0.00,21.39,,6.56,3.69,30.66,17.24,13.41,47.90,28.00,23.19
,17-Nov-10,25.45,25.96,24.725,25.86, 1.34 ,0.00,0.00,21.20,,6.09,3.43,28.72,16.15,12.57,44.87,28.00,23.54
,18-Nov-10,26.5,27.94,26.4,27.49, 3.22 ,1.05,0.00,22.91,,6.70,3.18,29.27,13.89,15.39,43.16,35.65,24.40
,19-Nov-10,27.39,27.4,26.52,26.57, 1.00 ,0.89,0.00,22.27,,7.12,2.95,31.95,13.26,18.69,45.22,41.34,25.61
,22-Nov-10,26.99,27.595,26.15,26.88, 1.07 ,0.00,0.00,21.75,,6.61,2.74,30.37,12.61,17.77,42.98,41.34,26.73
,23-Nov-10,26.5,26.765,25.565,25.725, 0.62 ,0.00,0.83,20.81,,6.14,3.38,29.48,16.22,13.26,45.70,29.01,26.90
,24-Nov-10,25.66,25.705,24.43,24.65, 0.14 ,0.00,1.06,19.47,,5.70,4.20,29.26,21.55,7.72,50.81,15.18,26.06
,26-Nov-10,25,25.05,23.455,23.71, 0.62 ,0.00,0.65,18.70,,5.29,4.55,28.29,24.34,3.96,52.63,7.52,24.74
,29-Nov-10,24.38,24.48,23.09,23.4, 1.03 ,0.00,0.57,18.39,,4.91,4.80,26.72,26.08,0.64,52.80,1.20,23.05
,30-Nov-10,23.62,25.035,23.62,25.035, 1.95 ,0.00,0.00,19.02,,4.56,4.45,23.98,23.41,0.57,47.40,1.20,21.49
,1-Dec-10,25.085,25.4,24.25,24.95, 1.78 ,1.46,0.00,19.44,,5.70,4.13,29.32,21.27,8.05,50.59,15.92,21.10
,2-Dec-10,24.91,25.195,24.3,25.045, 0.95 ,0.00,0.20,19.00,,5.29,4.04,27.87,21.29,6.57,49.16,13.37,20.54
,3-Dec-10,24.73,25.675,24.635,25.345, 1.38 ,0.00,0.00,19.01,,4.92,3.76,25.85,19.75,6.10,45.60,13.37,20.03
,6-Dec-10,25.645,27.99,25.485,26.71, 3.35 ,0.91,0.00,21.01,,5.48,3.49,26.08,16.60,9.48,42.68,22.21,20.19
,7-Dec-10,26.935,27.15,25.62,25.865, 1.66 ,1.29,0.00,21.18,,6.38,3.24,30.12,15.29,14.83,45.41,32.65,21.08
,8-Dec-10,26.3,26.4,25.225,25.565, 0.78 ,0.00,0.75,20.44,,5.92,3.76,28.97,18.38,10.59,47.35,22.37,21.17
,9-Dec-10,25.5,27.13,25.5,26.955, 1.90 ,0.00,0.00,20.89,,5.50,3.49,26.33,16.70,9.63,43.03,22.37,21.26
,10-Dec-10,26.655,27.72,26.14,27.535, 2.22 ,1.16,0.00,21.62,,6.26,3.24,28.97,14.99,13.98,43.95,31.81,22.01
,13-Dec-10,27.94,29.15,27.305,28.5, 3.01 ,1.29,0.00,23.08,,7.10,3.01,30.76,13.03,17.72,43.79,40.48,23.33
,14-Dec-10,28.6,28.665,27.9,28.275, 1.36 ,0.66,0.00,22.79,,7.25,2.79,31.82,12.25,19.56,44.07,44.39,24.83
,15-Dec-10,28.5,29.92,28.5,29.45, 2.02 ,0.00,0.00,23.19,,6.73,2.59,29.05,11.19,17.86,40.23,44.39,26.23
,16-Dec-10,29.74,29.74,27.72,28.175, 1.24 ,1.24,0.00,22.77,,7.49,2.41,32.91,10.58,22.33,43.49,51.35,28.02
,17-Dec-10,27.8,28.715,27.33,27.825, 1.00 ,0.00,1.02,22.14,,6.96,3.26,31.43,14.73,16.70,46.16,36.17,28.61
,20-Dec-10,27.61,28,27.025,27.2, 0.67 ,0.00,0.71,21.23,,6.46,3.74,30.44,17.64,12.80,48.07,26.63,28.47
,21-Dec-10,26.94,27.075,26.06,26.095, 0.08 ,0.00,0.93,19.80,,6.00,4.40,30.31,22.23,8.07,52.54,15.37,27.53
,22-Dec-10,26,26.38,25.56,25.7, 0.32 ,0.00,0.70,18.70,,5.57,4.78,29.79,25.57,4.22,55.36,7.62,26.11
,23-Dec-10,25.6,26.01,24.85,25, 0.45 ,0.00,0.37,17.82,,5.17,4.81,29.04,27.00,2.04,56.04,3.63,24.50
,27-Dec-10,25.55,26.46,25.43,25.8, 1.61 ,0.00,0.00,18.15,,4.80,4.47,26.46,24.61,1.86,51.07,3.63,23.01
,28-Dec-10,25.99,26.025,25,25.21, 0.59 ,0.44,0.00,17.45,,4.90,4.15,28.08,23.77,4.31,51.85,8.32,21.96
,29-Dec-10,24.705,24.88,23.71,24.345, 0.30 ,0.00,1.14,16.50,,4.55,5.00,27.58,30.28,2.70,57.86,4.67,20.73
,30-Dec-10,24.6,25.2,23.92,24.12, 1.49 ,0.00,0.00,16.81,,4.23,4.64,25.13,27.60,2.46,52.73,4.67,19.58
,31-Dec-10,24.51,25.045,24.25,24.8, 1.13 ,0.00,0.15,16.74,,3.92,4.46,23.44,26.67,3.22,50.11,6.43,18.64
,3-Jan-11,24.5,24.98,24.165,24.205, 0.73 ,0.00,0.07,16.27,,3.64,4.21,22.39,25.87,3.48,48.26,7.21,17.82
,4-Jan-11,24.8,25.185,24.26,25.105, 1.02 ,0.30,0.00,16.13,,3.68,3.91,22.84,24.23,1.40,47.07,2.97,16.76
,5-Jan-11,24.8,25.1,23.74,23.74, 0.84 ,0.00,0.08,15.82,,3.42,3.71,21.62,23.49,1.86,45.11,4.13,15.86
,6-Jan-11,24.08,25.1,23.985,24.185, 1.36 ,0.00,0.00,16.05,,3.18,3.45,19.79,21.49,1.70,41.29,4.13,15.02
,7-Jan-11,24.2,24.64,23.93,24.36, 0.66 ,0.00,0.46,15.56,,2.95,3.66,18.96,23.55,4.59,42.50,10.80,14.72
,10-Jan-11,24.735,25.59,24.54,25.48, 1.66 ,0.54,0.00,16.10,,3.27,3.40,20.33,21.12,0.79,41.45,1.92,13.81
,11-Jan-11,25.8,26.695,25.4,26, 2.16 ,1.07,0.00,17.11,,4.10,3.16,23.99,18.46,5.53,42.45,13.03,13.75
,12-Jan-11,26.405,26.44,25.41,26.185, 1.04 ,0.61,0.00,16.93,,4.42,2.93,26.09,17.33,8.77,43.42,20.19,14.21
,13-Jan-11,26.2,27,25.55,25.825, 1.59 ,0.00,0.00,17.31,,4.10,2.72,23.69,15.73,7.96,39.43,20.19,14.64
,14-Jan-11,25.56,25.9,24.93,25.45, 0.35 ,0.00,1.10,16.42,,3.81,3.63,23.19,22.10,1.09,45.29,2.41,13.76
,18-Jan-11,25.4,26.155,25.12,25.885, 1.23 ,0.00,0.00,16.47,,3.54,3.37,21.46,20.45,1.01,41.92,2.41,12.95
,19-Jan-11,25.5,25.8,24.865,25.3, 0.68 ,0.00,0.36,15.98,,3.28,3.48,20.55,21.81,1.25,42.36,2.96,12.24
,20-Jan-11,25.3,25.85,25,25.715, 0.99 ,0.00,0.00,15.82,,3.05,3.23,19.27,20.45,1.18,39.72,2.96,11.58
,21-Jan-11,25.92,25.92,25,25.085, 0.92 ,0.62,0.00,15.61,,3.45,3.00,22.11,19.24,2.86,41.35,6.93,11.25
,24-Jan-11,24.85,26.095,24.68,25.89, 1.09 ,0.00,0.00,15.59,,3.20,2.79,20.55,17.89,2.66,38.45,6.93,10.94
,25-Jan-11,25.45,25.85,25.225,25.5, 1.17 ,0.60,0.00,15.65,,3.58,2.59,22.85,16.55,6.30,39.41,15.99,11.30
,26-Jan-11,25.5,25.64,24.005,24.66, 0.41 ,0.00,0.21,14.94,,3.32,2.62,22.22,17.50,4.72,39.72,11.88,11.34
,27-Jan-11,24.48,25.165,23.98,24.75, 1.16 ,0.00,0.48,15.04,,3.08,2.90,20.50,19.31,1.20,39.81,3.00,10.74
,28-Jan-11,25.185,25.6,24.91,25.305, 1.62 ,0.70,0.00,15.58,,3.57,2.70,22.90,17.30,5.60,40.20,13.92,10.97
,31-Jan-11,24.9,25.35,24.25,24.5, 0.44 ,0.00,0.25,14.91,,3.31,2.75,22.22,18.47,3.75,40.69,9.23,10.85
,1-Feb-11,23.975,23.975,21.9,21.985, 0.27 ,0.00,1.38,14.12,,3.08,3.93,21.79,27.85,6.06,49.63,12.20,10.94
,2-Feb-11,22.04,22.305,20.75,21.545, 0.41 ,0.00,1.67,13.52,,2.86,5.32,21.13,39.37,18.23,60.50,30.13,12.31
,3-Feb-11,21.5,21.5,20.57,21.235, 0.75 ,0.00,0.80,13.30,,2.65,5.75,19.94,43.20,23.26,63.14,36.83,14.07
,4-Feb-11,22,22.24,21.385,21.88, 1.67 ,0.50,0.00,14.02,,2.96,5.34,21.13,38.05,16.92,59.19,28.59,15.10
,7-Feb-11,21.96,22,20.65,20.83, 0.61 ,0.00,0.24,13.63,,2.75,5.19,20.18,38.10,17.92,58.28,30.74,16.22
,8-Feb-11,21.1,21.355,20.36,20.585, 0.71 ,0.00,0.64,13.37,,2.55,5.47,19.12,40.91,21.80,60.03,36.31,17.65
,9-Feb-11,20.255,20.74,19.88,20.09, 0.38 ,0.00,0.62,12.79,,2.37,5.69,18.55,44.51,25.96,63.05,41.17,19.33
,,19.92,19.978,19.31,19.6, 0.10 ,0.00,0.76,11.98,,2.20,6.05,18.40,50.51,32.11,68.90,46.60,21.28
,,19.5,19.888,19.05,19.5, 0.58 ,0.00,0.09,11.70,,2.05,5.71,17.49,48.78,31.29,66.27,47.22,23.13
,,19.82,19.89,18.7,18.7, 0.84 ,0.32,0.00,11.70,,2.22,5.30,18.97,45.28,26.31,64.24,40.95,24.41
,,18.95,19.092,17.9,18.372, 0.39 ,0.00,0.80,11.26,,2.06,5.72,18.31,50.79,32.48,69.10,47.01,26.02
,,19.114,19.99,18.452,19.866, 2.09 ,0.16,0.00,12.54,,2.08,5.31,16.56,42.33,25.76,58.89,43.75,27.29
,,19.75,20.47,19.356,20.35, 2.02 ,0.64,0.00,13.67,,2.57,4.93,18.77,36.08,17.31,54.85,31.55,27.59
,,20.5,20.94,20.38,20.77, 1.58 ,0.75,0.00,14.27,,3.13,4.58,21.94,32.07,10.13,54.02,18.75,26.96
,,20.65,20.675,19.402,19.914, 0.30 ,0.00,0.27,13.55,,2.91,4.52,21.47,33.33,11.87,54.80,21.65,26.58
,,19.8,20.37,19.062,20.29, 0.97 ,0.00,0.30,13.55,,2.70,4.50,19.93,33.20,13.27,53.13,24.97,26.47
,,19.99,20.09,19.566,19.896, 1.03 ,0.00,0.28,13.61,,2.51,4.46,18.43,32.75,14.32,51.18,27.99,26.58
,,19.896,20.365,19.76,19.89, 0.80 ,0.00,0.00,13.44,,2.33,4.14,17.33,30.80,13.47,48.13,27.99,26.68
,,19.9,21.22,19.9,21.035, 1.46 ,0.00,0.00,13.94,,2.17,3.84,15.54,27.58,12.03,43.12,27.90,26.76
,,21.075,21.95,21,21.9, 2.05 ,1.18,0.00,14.99,,3.19,3.57,21.26,23.81,2.55,45.06,5.66,25.26
,,21.67,22.4,21.375,22.315, 1.40 ,0.60,0.00,15.32,,3.55,3.31,23.20,21.63,1.57,44.83,3.50,23.70
,,21.62,22.69,21.31,22.33, 1.32 ,0.00,0.00,15.54,,3.30,3.08,21.23,19.80,1.43,41.03,3.50,22.26
,,22.5,23.27,22.17,23.2, 1.96 ,0.88,0.00,16.39,,3.94,2.86,24.06,17.43,6.63,41.50,15.98,21.81
,,23.26,23.68,22.52,23.3, 1.51 ,0.76,0.00,16.73,,4.42,2.65,26.43,15.86,10.58,42.29,25.01,22.04
,,22.71,23.615,22.62,23.48, 1.09 ,0.00,0.07,16.63,,4.11,2.53,24.69,15.21,9.49,39.90,23.78,22.16
,,23.38,24.95,23.305,23.4, 2.33 ,0.67,0.00,17.77,,4.48,2.35,25.23,13.21,12.01,38.44,31.26,22.81
,,23.5,24.15,23.16,23.92, 0.84 ,0.00,0.80,17.35,,4.16,2.98,24.00,17.18,6.82,41.18,16.56,22.37
,,23.9,24.85,23.59,24.85, 1.69 ,0.40,0.00,17.80,,4.27,2.77,23.97,15.55,8.42,39.52,21.30,22.29
,,24.77,25.16,24.19,24.275, 1.57 ,0.87,0.00,18.10,,4.83,2.57,26.69,14.20,12.50,40.89,30.55,22.88
,,24,26.185,23.705,25.925, 1.99 ,0.00,0.00,18.80,,4.49,2.39,23.86,12.69,11.17,36.55,30.55,23.43
,,26.39,26.94,25.48,25.83, 3.24 ,2.39,0.00,20.69,,6.56,2.22,31.68,10.71,20.97,42.39,49.48,25.29
,,25.89,26.85,25.4,26.6, 1.37 ,0.00,0.09,20.58,,6.09,2.15,29.57,10.43,19.14,40.01,47.84,26.90
,,26.3,26.48,25.4,25.5, 1.08 ,0.41,0.00,20.19,,6.06,1.99,30.02,9.88,20.15,39.90,50.50,28.59
,,25.9,25.95,24.61,24.83, 0.55 ,0.00,0.53,19.30,,5.63,2.38,29.17,12.34,16.83,41.51,40.54,29.44
,,24.52,24.8,23.915,24.405, 0.19 ,0.00,1.15,18.11,,5.23,3.36,28.86,18.56,10.30,47.42,21.72,28.89
,,24.41,24.5,23.11,23.305, 0.59 ,0.00,0.30,17.40,,4.85,3.42,27.89,19.66,8.23,47.55,17.31,28.06
,,23.3,23.84,23.01,23.62, 0.73 ,0.00,0.66,16.89,,4.51,3.84,26.68,22.72,3.97,49.40,8.03,26.63
,,23.77,24.51,23.42,23.93, 1.50 ,0.47,0.00,17.18,,4.66,3.56,27.09,20.73,6.36,47.82,13.29,25.68
,,24.365,25.55,24.105,25.5, 2.13 ,0.59,0.00,18.09,,4.92,3.31,27.19,18.29,8.90,45.48,19.56,25.24
,,25.36,25.9,25.09,25.46, 1.79 ,1.00,0.00,18.59,,5.56,3.07,29.92,16.53,13.39,46.44,28.83,25.50
,,25.295,25.295,24.08,24.15, 0.21 ,0.00,0.60,17.47,,5.16,3.46,29.57,19.80,9.77,49.36,19.79,25.09
,,24,24.37,22.945,23.1, 0.29 ,0.00,0.93,16.51,,4.80,4.14,29.05,25.05,4.00,54.10,7.39,23.83
,,23.72,24.095,22.26,22.345, 1.15 ,0.00,0.28,16.48,,4.45,4.12,27.02,24.97,2.05,51.99,3.94,22.41
,,23,23.285,22.67,23, 1.02 ,0.00,0.81,16.33,,4.13,4.63,25.32,28.36,3.04,53.69,5.66,21.21
,,23.1,24.17,23,23.61, 1.50 ,0.10,0.00,16.66,,3.94,4.30,23.64,25.81,2.17,49.45,4.38,20.01
,,24,24.55,23.81,23.9, 1.55 ,0.90,0.00,17.02,,4.56,3.99,26.78,23.46,3.32,50.24,6.60,19.05
,,23.8,24.44,23.67,24.26, 0.63 ,0.00,0.11,16.44,,4.23,3.82,25.75,23.23,2.52,48.98,5.15,18.06
,,24.3,24.91,23.825,24.825, 1.24 ,0.50,0.00,16.50,,4.43,3.55,26.85,21.49,5.36,48.33,11.09,17.56
,,24.9,24.94,23.86,24.29, 1.12 ,0.60,0.00,16.44,,4.71,3.29,28.68,20.03,8.65,48.70,17.76,17.57
,,24.5,24.63,24.09,24.25, 0.77 ,0.00,0.31,16.03,,4.38,3.37,27.30,21.00,6.30,48.30,13.04,17.25
,,24.02,25.075,23.78,25.04, 0.98 ,0.00,0.00,15.87,,4.06,3.13,25.60,19.70,5.91,45.30,13.04,16.95
,,25.02,26.2,24.475,25.88, 2.42 ,1.00,0.00,17.16,,4.77,2.90,27.82,16.92,10.90,44.74,24.37,17.48
,,25.84,26.45,25.755,26.015, 1.97 ,0.82,0.00,17.91,,5.25,2.70,29.33,15.05,14.28,44.38,32.17,18.53
,,25.61,25.78,24.8,24.84, 0.14 ,0.00,0.67,16.77,,4.88,3.17,29.08,18.92,10.16,48.00,21.17,18.72
,,24.61,24.77,24.12,24.44, 0.19 ,0.00,1.01,15.77,,4.53,3.96,28.73,25.09,3.63,53.82,6.75,17.86
,,24.5,24.73,24.135,24.175, 0.61 ,0.00,0.04,15.25,,4.21,3.71,27.58,24.35,3.23,51.93,6.21,17.03
,,23.965,24.465,23.835,24.38, 0.33 ,0.00,0.27,14.49,,3.91,3.71,26.95,25.63,1.32,52.58,2.52,15.99
,,24.45,25.805,24.38,25.8, 1.97 ,0.48,0.00,15.43,,4.11,3.45,26.65,22.35,4.30,49.01,8.77,15.48
,,25.8,26.175,25.45,25.61, 1.80 ,1.35,0.00,16.12,,5.17,3.20,32.06,19.87,12.19,51.93,23.49,16.05
,,25.6,25.76,25.04,25.38, 0.31 ,0.00,0.41,15.28,,4.80,3.39,31.41,22.18,9.23,53.59,17.23,16.13
,,25.5,25.5,24.72,24.83, 0.46 ,0.00,0.26,14.65,,4.46,3.41,30.42,23.26,7.17,53.68,13.35,15.94
,,24.82,25.15,24.31,24.89, 0.43 ,0.00,0.35,14.03,,4.14,3.51,29.49,25.04,4.45,54.53,8.16,15.38
,,24.905,25.725,24.5,25.515, 1.42 ,0.09,0.00,14.44,,3.93,3.26,27.19,22.59,4.60,49.78,9.25,14.94
,,25.29,25.45,24.91,25.13, 0.95 ,0.38,0.00,14.36,,4.03,3.03,28.07,21.09,6.98,49.16,14.20,14.89
,,25.13,25.98,24.95,25.44, 1.07 ,0.00,0.00,14.41,,3.74,2.81,25.99,19.53,6.46,45.51,14.20,14.84
,,25.7,27.195,25.56,26.665, 2.25 ,0.57,0.00,15.62,,4.05,2.61,25.90,16.72,9.18,42.62,21.54,15.32
,,26.7,27.18,26.43,27, 1.62 ,1.00,0.00,16.13,,4.76,2.43,29.50,15.04,14.46,44.54,32.47,16.54
,,27,27.375,26.3,26.65, 0.95 ,0.30,0.00,15.92,,4.72,2.25,29.63,14.15,15.49,43.78,35.37,17.89
,,27.35,28.79,27.2,28.66, 2.49 ,0.35,0.00,17.27,,4.73,2.09,27.39,12.11,15.28,39.50,38.69,19.37
,,28.19,29.29,27.8,28.91, 2.09 ,0.84,0.00,18.13,,5.23,1.94,28.86,10.71,18.15,39.58,45.87,21.27
,,28.85,29.39,28.515,29.075, 1.59 ,0.66,0.00,18.42,,5.52,1.80,29.96,9.79,20.17,39.74,50.75,23.37
,,29.09,31.24,28.92,30.975, 2.72 ,0.24,0.00,19.83,,5.36,1.67,27.05,8.44,18.61,35.49,52.43,25.45
,,31.535,31.62,30.585,31.355, 2.70 ,2.45,0.00,21.12,,7.43,1.55,35.17,7.36,27.81,42.53,65.38,28.30
,,31.5,32.1,30.69,31.7, 1.52 ,0.00,0.00,21.12,,6.90,1.44,32.65,6.83,25.81,39.48,65.38,30.95
,,31.6,31.8,30.905,31.5, 1.11 ,0.00,0.30,20.72,,6.40,1.64,30.90,7.92,22.98,38.82,59.21,32.97
,,31.48,32.54,31.225,32.225, 1.63 ,0.00,0.00,20.88,,5.95,1.52,28.48,7.30,21.18,35.78,59.21,34.84
,,31,31.45,29.36,29.52, 0.23 ,0.00,1.09,19.61,,5.52,2.50,28.15,12.77,15.38,40.92,37.59,35.04
,,29.76,29.795,28.715,28.725, 0.44 ,0.00,1.65,18.65,,5.13,3.98,27.50,21.35,6.15,48.84,12.59,33.43
,,29.2,30,29.025,29.86, 1.29 ,0.00,0.00,18.60,,4.76,3.70,25.60,19.87,5.72,45.47,12.59,31.94
,,30.1,30.365,29.22,29.4, 1.34 ,0.90,0.00,18.61,,5.32,3.43,28.59,18.44,10.15,47.03,21.57,31.20
,,29.2,29.675,28.65,29.07, 0.46 ,0.00,0.69,17.74,,4.94,3.88,27.86,21.86,6.00,49.72,12.06,29.84
,,29.49,30.31,29.49,30, 1.66 ,0.29,0.00,18.13,,4.88,3.60,26.90,19.86,7.05,46.76,15.07,28.78
,,30.2,30.35,29.72,30.125, 0.86 ,0.71,0.00,17.69,,5.24,3.34,29.61,18.89,10.72,48.50,22.09,28.30
,,29.9,30.085,29.5,29.69, 0.37 ,0.00,0.27,16.80,,4.87,3.37,28.97,20.06,8.91,49.03,18.17,27.58
,,29.5,30.2,29.25,29.96, 0.70 ,0.00,0.00,16.30,,4.52,3.13,27.72,19.20,8.52,46.92,18.17,26.91
,,30,30.125,28.955,29.555, 0.88 ,0.50,0.00,16.01,,4.69,2.91,29.33,18.15,11.18,47.48,23.55,26.67
,,30.1,31.3,30.03,31.07, 2.35 ,0.10,0.00,17.21,,4.46,2.70,25.91,15.68,10.24,41.59,24.62,26.52
,,30.89,31.73,30.5,31.505, 1.70 ,0.79,0.00,17.68,,4.93,2.50,27.89,14.17,13.72,42.06,32.63,26.96
,,31.035,31.8,30.89,31.125, 1.30 ,0.14,0.00,17.72,,4.72,2.33,26.66,13.13,13.53,39.79,34.01,27.46
,,31.14,31.2,30.365,30.88, 0.31 ,0.00,0.60,16.76,,4.39,2.76,26.17,16.47,9.70,42.64,22.76,27.13
,,31,32.025,30.99,31.39, 1.66 ,0.00,0.00,17.22,,4.07,2.56,23.65,14.88,8.77,38.53,22.76,26.81
,,31.48,31.93,31.1,31.24, 0.94 ,0.48,0.00,16.93,,4.26,2.38,25.17,14.05,11.12,39.22,28.34,26.92
,,30.9,30.9,29.235,29.68, 0.20 ,0.00,1.03,15.92,,3.96,3.24,24.85,20.34,4.51,45.20,9.98,25.71
,,29.68,29.845,29.36,29.725, 0.61 ,0.00,1.05,15.40,,3.67,4.06,23.87,26.39,2.52,50.26,5.02,24.23
,,30,30.215,29.4,29.565, 0.86 ,0.32,0.00,15.15,,3.73,3.77,24.63,24.90,0.27,49.54,0.54,22.54
,,29.585,29.945,29.36,29.6, 0.55 ,0.00,0.27,14.61,,3.47,3.77,23.72,25.82,2.11,49.54,4.25,21.24
,,29.95,30.01,28.82,29.15, 0.65 ,0.36,0.00,14.22,,3.58,3.50,25.20,24.64,0.56,49.84,1.12,19.80
,,28.8,29.37,28.5,29.03, 0.55 ,0.00,0.64,13.75,,3.33,3.89,24.19,28.31,4.12,52.50,7.84,18.94
,,29.22,29.635,28.615,28.825, 1.14 ,0.42,0.00,13.91,,3.51,3.62,25.24,26.00,0.76,51.23,1.49,17.70
,,28.9,28.9,27.63,27.7, 0.29 ,0.00,0.74,13.20,,3.26,4.09,24.69,31.00,6.31,55.70,11.34,17.24
,,27.615,28.105,27.15,27.99, 0.48 ,0.00,0.79,12.73,,3.03,4.60,23.77,36.09,12.32,59.86,20.58,17.48
,,27.99,29.1,27.99,28.8, 1.95 ,0.38,0.00,13.77,,3.19,4.27,23.13,30.98,7.85,54.11,14.52,17.27
,,28.99,29.08,28.27,28.4, 1.09 ,1.00,0.00,13.88,,3.96,3.96,28.52,28.55,0.03,57.06,0.06,16.04
,,28.4,29.15,28.395,28.8, 0.88 ,0.00,0.00,13.77,,3.67,3.68,26.69,26.72,0.03,53.42,0.06,14.90
,,28.8,29.455,28.43,29.055, 1.06 ,0.40,0.00,13.84,,3.81,3.42,27.54,24.68,2.86,52.22,5.48,14.23
,,29.35,29.355,28.13,28.295, 0.93 ,0.55,0.00,13.78,,4.09,3.17,29.68,23.02,6.66,52.70,12.64,14.11
,,28.01,28.315,27.745,27.825, 0.19 ,0.00,1.04,12.98,,3.80,3.99,29.26,30.70,1.45,59.96,2.41,13.28
,,28.08,28.815,28,28.74, 1.07 ,0.07,0.00,13.12,,3.60,3.70,27.41,28.20,0.79,55.61,1.43,12.43
,,29,29.18,28.525,28.855, 1.18 ,0.92,0.00,13.37,,4.26,3.44,31.87,25.71,6.16,57.58,10.70,12.31
,,28.9,29.22,28.07,28.29, 0.70 ,0.00,0.00,13.11,,3.96,3.19,30.18,24.35,5.83,54.53,10.70,12.19
,,28,28.48,27.825,28.335, 0.41 ,0.00,0.74,12.58,,3.67,3.70,29.20,29.44,0.24,58.63,0.41,11.35
,,28.475,28.475,27.92,28.045, 0.65 ,0.48,0.00,12.33,,3.89,3.44,31.51,27.89,3.62,59.39,6.10,10.98
,,27.355,27.735,27.01,27.39, 0.57 ,0.00,0.74,12.02,,3.61,3.93,30.03,32.73,2.70,62.76,4.31,10.50
,,27.35,27.815,26.315,27.16, 0.80 ,0.00,0.00,11.96,,3.35,3.65,28.01,30.53,2.52,58.54,4.31,10.06
,,27.3,27.735,27.01,27.535, 1.42 ,0.00,0.08,12.53,,3.11,3.47,24.83,27.71,2.88,52.54,5.47,9.73
,,27.655,27.76,26.6,26.925, 0.75 ,0.36,0.00,12.38,,3.24,3.22,26.20,26.03,0.17,52.23,0.32,9.06
,,27.18,27.3,26.35,27.3, 0.70 ,0.00,0.46,12.20,,3.01,3.45,24.69,28.31,3.61,53.00,6.82,8.90
,,27.37,27.7,26.405,26.81, 1.35 ,0.19,0.00,12.68,,2.99,3.21,23.56,25.29,1.73,48.85,3.54,8.51
,,26.8,27.18,26.15,27.1, 0.77 ,0.00,0.52,12.55,,2.77,3.50,22.11,27.87,5.77,49.98,11.54,8.73
,,27.2,27.28,25.86,26.12, 1.13 ,0.40,0.00,12.78,,2.98,3.25,23.28,25.41,2.13,48.69,4.37,8.42
,,26.42,26.72,26.075,26.265, 0.86 ,0.00,0.56,12.73,,2.76,3.58,21.71,28.09,6.39,49.80,12.82,8.73
,,26.44,26.655,25.72,26.38, 0.58 ,0.00,0.06,12.40,,2.57,3.39,20.69,27.30,6.61,48.00,13.77,9.09
,,26.08,26.58,25.91,26.015, 0.86 ,0.00,0.08,12.37,,2.38,3.22,19.25,26.01,6.76,45.27,14.93,9.51
,,26.005,26.47,25.98,26.16, 0.56 ,0.00,0.11,12.05,,2.21,3.10,18.36,25.72,7.36,44.08,16.69,10.02
,,26.375,26.825,25.9,25.9, 0.84 ,0.37,0.00,12.03,,2.42,2.88,20.15,23.91,3.76,44.06,8.55,9.92
,,26.18,26.43,25.535,26.105, 0.53 ,0.00,0.39,11.70,,2.25,3.07,19.23,26.20,6.97,45.44,15.34,10.31
,,26.72,30.245,26.68,29.755, 4.71 ,0.54,0.00,15.58,,2.63,2.85,16.88,18.28,1.40,35.16,3.97,9.85
,,29.73,29.75,28.86,29.305, 3.07 ,3.01,0.00,17.54,,5.45,2.64,31.09,15.08,16.01,46.17,34.68,11.63
,,29.5,30.86,29.295,30.595, 2.00 ,0.00,0.00,18.28,,5.06,2.46,27.69,13.43,14.26,41.12,34.68,13.27
,,30.63,31.045,30.055,30.37, 1.75 ,1.13,0.00,18.73,,5.83,2.28,31.14,12.17,18.96,43.31,43.78,15.45
,,30.36,30.58,29.795,30.015, 0.52 ,0.00,0.47,17.91,,5.41,2.58,30.23,14.41,15.81,44.64,35.42,16.88
,,30.06,30.14,29.8,30.025, 0.34 ,0.00,0.44,16.98,,5.03,2.84,29.61,16.71,12.90,46.32,27.85,17.66
,,30,30.85,29.62,30.51, 1.05 ,0.00,0.00,16.82,,4.67,2.63,27.76,15.67,12.09,43.43,27.85,18.39
,,30.4,31.37,30.345,31.02, 1.75 ,0.40,0.00,17.37,,4.74,2.45,27.27,14.09,13.18,41.36,31.86,19.35
,,30.92,31.96,30.8,31.78, 1.62 ,0.52,0.00,17.74,,4.92,2.27,27.72,12.81,14.91,40.52,36.79,20.60
,,31.98,32.1,31.01,31.08, 1.30 ,1.06,0.00,17.77,,5.63,2.11,31.65,11.87,19.78,43.52,45.45,22.37
,,31.175,32.065,30.55,31.83, 1.05 ,0.00,0.04,17.56,,5.22,1.99,29.75,11.36,18.40,41.11,44.75,23.97
,,31.78,32.57,31.7,31.93, 2.02 ,0.61,0.00,18.32,,5.46,1.85,29.77,10.10,19.67,39.88,49.32,25.78
,,31.9,32.555,31.455,32.385, 0.86 ,0.12,0.00,17.87,,5.19,1.72,29.02,9.62,19.40,38.64,50.20,27.53
,,32.185,33.385,32.185,32.865, 1.93 ,0.29,0.00,18.52,,5.10,1.60,27.54,8.62,18.92,36.15,52.32,29.30
,,32.805,32.855,31.8,32.825, 0.67 ,0.62,0.00,17.87,,5.36,1.48,29.97,8.30,21.68,38.27,56.65,31.25
,,32.82,33.17,32.625,33, 1.37 ,0.02,0.00,17.96,,4.99,1.38,27.77,7.66,20.11,35.43,56.75,33.07
,,33,33,32.13,32.355, 0.38 ,0.18,0.00,17.06,,4.81,1.28,28.22,7.49,20.72,35.71,58.03,34.85
,,32.1,33.03,32.065,32.69, 0.90 ,0.00,0.00,16.74,,4.47,1.19,26.70,7.09,19.61,33.79,58.03,36.51
,,32.8,33.39,32.505,33.37, 1.33 ,0.70,0.00,16.87,,4.85,1.10,28.75,6.53,22.22,35.29,62.96,38.40
,,33.42,33.53,32.4,32.715, 1.02 ,0.62,0.00,16.69,,5.12,1.02,30.70,6.13,24.57,36.83,66.70,40.42
,,32.455,33.2,32.455,32.665, 0.80 ,0.00,0.33,16.30,,4.76,1.28,29.19,7.86,21.34,37.05,57.59,41.65
,,32.58,33.1,32.25,32.785, 0.65 ,0.13,0.00,15.78,,4.54,1.19,28.79,7.54,21.26,36.33,58.51,42.85
,,32.88,33.08,32.6,33.005, 0.83 ,0.30,0.00,15.48,,4.52,1.10,29.19,7.13,22.05,36.32,60.73,44.13
,,33.01,33.18,32.835,33, 0.58 ,0.13,0.00,14.95,,4.33,1.03,28.92,6.86,22.07,35.78,61.68,45.38
,,32.8,33.53,32.645,33.3, 0.70 ,0.00,0.00,14.58,,4.02,0.95,27.54,6.53,21.02,34.07,61.68,46.55
,,33.5,34.99,33.22,33.97, 2.34 ,0.70,0.00,15.88,,4.43,0.88,27.89,5.56,22.32,33.45,66.73,47.99
,,34.11,35.8,33.935,35.78, 2.58 ,0.61,0.00,17.33,,4.72,0.82,27.25,4.74,22.52,31.99,70.39,49.59
,,35.8,36.08,35.26,35.375, 2.14 ,1.69,0.00,18.24,,6.08,0.76,33.32,4.18,29.14,37.49,77.71,51.60
,,35.565,36.7,35.42,35.78, 1.44 ,0.00,0.00,18.37,,5.64,0.71,30.70,3.85,26.85,34.56,77.71,53.46
,,35.95,36.815,35.34,36.35, 1.39 ,0.39,0.00,18.46,,5.62,0.66,30.47,3.56,26.91,34.03,79.07,55.29
,,36.48,36.68,35.87,36.44, 1.34 ,0.53,0.00,18.48,,5.75,0.61,31.13,3.30,27.83,34.43,80.82,57.11
,,36.5,36.67,35.57,36.275, 0.80 ,0.02,0.00,17.96,,5.36,0.57,29.85,3.16,26.70,33.01,80.88,58.81
,,36.5,38.515,36.5,38.345, 2.95 ,0.00,0.00,19.62,,4.98,0.53,25.37,2.68,22.69,28.05,80.88,60.39
,,38.5,38.67,37.92,38.58, 2.17 ,2.00,0.00,20.39,,6.62,0.49,32.48,2.40,30.08,34.88,86.26,62.24
,,38.7,38.99,37.865,37.865, 1.07 ,0.20,0.00,20.00,,6.35,0.45,31.74,2.27,29.48,34.01,86.66,63.98
,,37.545,37.545,36.53,36.8, 0.32 ,0.00,1.45,18.89,,5.90,1.87,31.21,9.88,21.33,41.08,51.91,63.12
,,37,37,33.81,34.265, 0.47 ,0.00,0.55,18.01,,5.47,2.28,30.39,12.65,17.75,43.04,41.24,61.56
,,34.3,35.285,34.28,35.135, 1.47 ,0.00,1.72,18.20,,5.08,3.83,27.93,21.04,6.89,48.97,14.06,58.16
,,35.4,36.2,35.4,35.515, 1.92 ,1.10,0.00,18.82,,5.82,3.56,30.92,18.90,12.03,49.82,24.14,55.73
,,35.765,36.3,34.835,35.32, 0.90 ,0.37,0.00,18.38,,5.77,3.30,31.40,17.97,13.43,49.37,27.20,53.70
,,34.9,36.145,34.175,35.52, 1.31 ,0.00,0.15,18.38,,5.36,3.22,29.16,17.53,11.62,46.69,24.90,51.64
,,35.52,35.695,34.42,35, 1.52 ,0.62,0.00,18.58,,5.60,2.99,30.11,16.10,14.01,46.21,30.32,50.12
,,35.39,36.365,35.065,36.32, 1.95 ,0.00,0.00,19.20,,5.20,2.78,27.06,14.47,12.59,41.53,30.32,48.70
,,36.38,36.8,35.815,36.185, 1.73 ,0.99,0.00,19.56,,5.81,2.58,29.72,13.18,16.53,42.90,38.54,47.98
,,36.18,36.18,34.575,35, 0.37 ,0.00,0.62,18.53,,5.40,3.02,29.13,16.27,12.86,45.40,28.33,46.57
,,35,35.64,34.87,35.41, 1.06 ,0.00,0.54,18.27,,5.01,3.34,27.44,18.28,9.16,45.71,20.03,44.68
,,35.96,36.395,34.435,34.565, 1.53 ,0.96,0.00,18.49,,5.62,3.10,30.36,16.77,13.59,47.14,28.84,43.55
,,34.62,34.99,34.1,34.685, 0.55 ,0.00,1.41,17.73,,5.21,4.28,29.41,24.17,5.24,53.59,9.78,41.13
,,32.53,32.98,32.155,32.25, 1.57 ,0.00,2.01,18.03,,4.84,5.99,26.85,33.21,6.36,60.07,10.59,38.95
,,32.255,32.66,31.35,32.6, 0.50 ,0.00,0.32,17.25,,4.50,5.88,26.07,34.10,8.03,60.16,13.35,37.12
,,32.39,32.86,32.32,32.78, 1.51 ,0.13,0.00,17.53,,4.31,5.46,24.59,31.16,6.57,55.75,11.78,35.31
,,32.8,33.115,32.3,32.51, 0.80 ,0.41,0.00,17.07,,4.41,5.07,25.85,29.71,3.86,55.56,6.95,33.29
,,32.55,33.075,32.34,32.35, 0.78 ,0.00,0.04,16.62,,4.10,4.75,24.64,28.56,3.92,53.21,7.37,31.44
,,32.32,32.51,32,32.4, 0.17 ,0.00,0.57,15.61,,3.80,4.97,24.37,31.87,7.50,56.25,13.33,30.14
,,32.46,33.1,32.405,32.865, 1.10 ,0.14,0.00,15.59,,3.67,4.62,23.55,29.62,6.07,53.18,11.42,28.81
,,32.485,32.77,32.2,32.6, 0.37 ,0.00,0.33,14.84,,3.41,4.62,22.97,31.12,8.15,54.09,15.06,27.82
,,32.44,32.69,31.79,32, 0.49 ,0.00,0.08,14.27,,3.17,4.37,22.18,30.61,8.43,52.80,15.96,26.98
,,32.04,32.735,32.04,32.31, 0.95 ,0.00,0.00,14.20,,2.94,4.06,20.71,28.57,7.87,49.28,15.96,26.19
,,32.33,32.55,31.855,31.94, 0.51 ,0.29,0.00,13.69,,3.02,3.77,22.05,27.51,5.45,49.56,11.01,25.10
,,32.15,32.4,31.84,31.99, 0.54 ,0.00,0.15,13.26,,2.80,3.65,21.15,27.51,6.36,48.66,13.07,24.25
,,32,32.3,31.96,32, 0.46 ,0.00,0.10,12.77,,2.60,3.49,20.39,27.30,6.92,47.69,14.50,23.55
,,32,32.2,31.52,32, 0.24 ,0.00,0.10,12.10,,2.42,3.34,19.98,27.59,7.60,47.57,15.99,23.01
,,32,32.185,31.52,32.06, 0.67 ,0.00,0.02,11.90,,2.25,3.12,18.87,26.17,7.31,45.04,16.22,22.52
,,32.16,32.325,31.8,32.17, 0.81 ,0.16,0.00,11.86,,2.25,2.89,18.93,24.40,5.46,43.33,12.60,21.82
,,32.07,32.18,31.92,32, 0.38 ,0.00,0.15,11.39,,2.08,2.83,18.30,24.85,6.55,43.16,15.18,21.34
,,31.765,31.9,31.22,31.5, 0.16 ,0.00,0.28,10.73,,1.94,2.91,18.04,27.10,9.07,45.14,20.08,21.25
,,31.5,32.08,31.41,32, 0.86 ,0.00,0.00,10.83,,1.80,2.70,16.61,24.95,8.35,41.56,20.08,21.17
,,31.87,32.12,31.47,31.95, 0.71 ,0.37,0.00,10.76,,2.04,2.51,18.95,23.30,4.36,42.25,10.31,20.39
,,32.2,32.27,31.73,32.11, 0.80 ,0.33,0.00,10.79,,2.22,2.33,20.60,21.58,0.98,42.18,2.32,19.10
,,32.135,33,31.95,32.95, 1.27 ,0.00,0.00,11.29,,2.06,2.16,18.28,19.15,0.87,37.43,2.32,17.90
,,33.14,33.555,32.19,32.27, 1.61 ,1.01,0.00,12.09,,2.92,2.01,24.17,16.61,7.56,40.78,18.54,17.95
,,32.27,33.455,32.09,33.13, 1.27 ,0.00,0.10,12.49,,2.71,1.96,21.72,15.73,5.99,37.45,16.01,17.81
,,33,33.265,32.775,33.045, 1.17 ,0.73,0.00,12.77,,3.25,1.82,25.44,14.28,11.16,39.72,28.09,18.54
,,33.05,33.29,32.62,32.9, 0.52 ,0.05,0.00,12.38,,3.07,1.69,24.78,13.69,11.10,38.47,28.85,19.28
,,33,33.205,32.435,32.5, 0.59 ,0.00,0.09,12.08,,2.85,1.66,23.58,13.73,9.86,37.31,26.42,19.79
,,32.45,33.075,32.23,32.47, 0.64 ,0.00,0.13,11.86,,2.64,1.67,22.31,14.08,8.23,36.39,22.61,19.99
,,32.5,32.855,31.95,32.67, 0.63 ,0.00,0.22,11.63,,2.46,1.77,21.11,15.22,5.89,36.33,16.22,19.72
,,32.84,33.84,32.42,32.7, 1.89 ,0.34,0.00,12.69,,2.62,1.64,20.65,12.95,7.70,33.60,22.90,19.95
,,33,33.335,32.895,33.29, 0.91 ,0.00,0.51,12.70,,2.43,2.03,19.16,15.99,3.16,35.15,9.00,19.17
,,33.33,33.595,32.995,33.2, 0.70 ,0.33,0.00,12.49,,2.59,1.89,20.73,15.10,5.63,35.83,15.71,18.92
,,33.48,34.75,33.37,34.65, 1.76 ,0.15,0.00,13.36,,2.55,1.75,19.13,13.11,6.01,32.24,18.65,18.90
,,34.6,35.45,34.475,35.32, 2.08 ,1.12,0.00,14.48,,3.49,1.63,24.11,11.23,12.88,35.34,36.45,20.15
,,35.455,35.8,35.06,35.32, 1.32 ,0.85,0.00,14.77,,4.10,1.51,27.74,10.22,17.51,37.96,46.14,22.01
,,35.3,35.78,35.185,35.78, 0.72 ,0.00,0.02,14.44,,3.81,1.42,26.35,9.85,16.50,36.21,45.58,23.69
,,35.215,35.325,34.075,34.075, 0.14 ,0.00,0.45,13.55,,3.53,1.78,26.08,13.11,12.97,39.19,33.10,24.37
,,34.05,34.83,33.33,34.67, 0.75 ,0.00,0.50,13.33,,3.28,2.14,24.61,16.08,8.53,40.68,20.96,24.12
,,35,35.585,34.52,34.955, 2.26 ,0.95,0.00,14.64,,4.00,1.99,27.31,13.60,13.70,40.91,33.50,24.79
,,34.85,35.075,34.6,34.69, 0.55 ,0.00,0.51,14.15,,3.71,2.36,26.23,16.67,9.56,42.91,22.28,24.61
,,34.5,34.5,33.72,33.85, 0.10 ,0.00,0.58,13.24,,3.45,2.77,26.04,20.89,5.14,46.93,10.96,23.64
,,33.95,34.66,33.625,33.79, 0.94 ,0.00,0.00,13.23,,3.20,2.57,24.19,19.41,4.78,43.59,10.96,22.73
,,34.11,35.78,33.9,35.44, 2.16 ,0.16,0.00,14.44,,3.13,2.38,21.68,16.51,5.17,38.20,13.54,22.08
,,35.1,35.53,34.67,34.845, 1.63 ,0.99,0.00,15.04,,3.90,2.21,25.92,14.72,11.20,40.64,27.55,22.47
,,34.59,35.06,34.545,35, 0.39 ,0.00,0.47,14.35,,3.62,2.53,25.21,17.60,7.62,42.81,17.79,22.13
,,34.6,34.85,34.125,34.155, 0.30 ,0.00,0.21,13.63,,3.36,2.56,24.65,18.74,5.91,43.39,13.61,21.52
,,34.15,34.83,34.02,34.335, 0.70 ,0.00,0.02,13.37,,3.12,2.39,23.35,17.90,5.45,41.25,13.20,20.93
,,34.335,34.84,34.12,34.48, 0.82 ,0.19,0.00,13.23,,3.08,2.22,23.30,16.79,6.51,40.09,16.23,20.59
,,34.325,34.4,33.42,33.515, 0.28 ,0.00,0.44,12.57,,2.86,2.50,22.78,19.92,2.86,42.70,6.70,19.60
,,33.78,34.08,33.405,33.405, 0.66 ,0.00,0.32,12.33,,2.66,2.64,21.56,21.45,0.11,43.01,0.26,18.22
,,33.52,33.6,32.845,33.325, 0.20 ,0.00,0.48,11.64,,2.47,2.94,21.20,25.21,4.01,46.41,8.65,17.54
,,33.88,34.19,32.61,32.78, 1.34 ,0.36,0.00,12.16,,2.65,2.73,21.82,22.42,0.61,44.24,1.38,16.38
,,32.5,33.16,32.09,32.565, 0.55 ,0.00,1.03,11.84,,2.46,3.56,20.80,30.08,9.28,50.89,18.24,16.51
,,32.61,32.99,32.24,32.93, 0.90 ,0.00,0.17,11.89,,2.29,3.48,19.23,29.24,10.01,48.46,20.65,16.81
,,33,33.28,32.68,33.09, 1.04 ,0.39,0.00,12.08,,2.51,3.23,20.80,26.72,5.92,47.52,12.46,16.50
,,33.09,33.265,32.86,33.19, 0.59 ,0.09,0.00,11.80,,2.42,3.00,20.53,25.40,4.86,45.93,10.59,16.08
,,33,33.555,32.74,33.02, 0.70 ,0.00,0.00,11.66,,2.25,2.78,19.31,23.88,4.57,43.19,10.59,15.68
,,32.76,33.3,32.54,32.65, 0.56 ,0.00,0.26,11.38,,2.09,2.84,18.36,24.95,6.59,43.30,15.21,15.65
,,32.65,33.15,32.245,32.245, 0.61 ,0.00,0.15,11.18,,1.94,2.79,17.36,24.93,7.57,42.28,17.90,15.81
,,32.22,32.275,31.155,31.155, 0.03 ,0.00,0.88,10.41,,1.80,3.46,17.31,33.26,15.95,50.57,31.55,16.94
,,31.5,33.05,30.94,31.7, 1.89 ,0.00,0.00,11.56,,1.67,3.22,14.47,27.81,13.34,42.28,31.55,17.98
,,31.6,32.01,31.24,31.575, 1.07 ,0.00,1.04,11.81,,1.55,4.03,13.16,34.10,20.94,47.26,44.31,19.86
,,31.685,31.935,31.135,31.795, 0.70 ,0.08,0.00,11.66,,1.53,3.74,13.10,32.06,18.96,45.17,41.98,21.44
,,31.905,32.26,31.3,31.525, 1.12 ,0.22,0.00,11.95,,1.64,3.47,13.71,29.05,15.33,42.76,35.86,22.47
,,31.525,31.94,31.275,31.6, 0.64 ,0.00,0.32,11.74,,1.52,3.54,12.96,30.19,17.22,43.15,39.92,23.72
,,31.455,31.76,31.23,31.575, 0.49 ,0.00,0.18,11.38,,1.41,3.47,12.41,30.48,18.07,42.89,42.13,25.03
,,31.75,32.065,31.535,31.895, 0.83 ,0.30,0.00,11.41,,1.61,3.22,14.09,28.25,14.16,42.34,33.45,25.63
,,32,32.21,31.84,32, 0.68 ,0.25,0.00,11.27,,1.74,2.99,15.46,26.56,11.10,42.02,26.40,25.69
,,31.91,31.98,30.925,31.045, 0.14 ,0.00,0.23,10.60,,1.62,3.01,15.26,28.38,13.12,43.64,30.06,26.00
,,31.23,31.55,30.345,30.55, 0.63 ,0.00,0.43,10.47,,1.50,3.22,14.35,30.79,16.44,45.14,36.43,26.75
,,30.56,31.1,30.5,30.74, 0.76 ,0.00,0.45,10.48,,1.39,3.44,13.31,32.87,19.55,46.18,42.34,27.86
,,30.55,30.6,29.7,29.895, 0.10 ,0.00,0.50,9.83,,1.30,3.70,13.18,37.62,24.44,50.80,48.11,29.31
,,29.86,30.19,29.555,29.825, 0.49 ,0.00,0.41,9.62,,1.20,3.84,12.51,39.97,27.46,52.47,52.33,30.95
,,29.82,29.87,28.8,28.89, 0.32 ,0.00,0.32,9.24,,1.12,3.89,12.08,42.07,29.99,54.15,55.38,32.69
,,28.815,29.53,28.31,29.305, 0.73 ,0.00,0.34,9.31,,1.04,3.95,11.13,42.42,31.29,53.55,58.42,34.53
,,29.47,30.4,29.34,30.15, 2.09 ,0.65,0.00,10.74,,1.62,3.67,15.07,34.16,19.10,49.23,38.79,34.84
,,32.1,32.9,30.22,31.855, 3.56 ,2.63,0.00,13.53,,4.13,3.41,30.54,25.18,5.36,55.71,9.63,33.04
,,32.2,33.075,32.11,32.235, 2.86 ,0.10,0.00,15.42,,3.94,3.16,25.53,20.51,5.02,46.05,10.90,31.45
,,32.2,33.215,32.18,32.7, 1.11 ,0.00,0.00,15.42,,3.66,2.94,23.70,19.05,4.66,42.75,10.90,29.99
,,32.925,32.925,31.33,31.585, 0.74 ,0.72,0.00,15.07,,4.12,2.73,27.34,18.10,9.24,45.45,20.33,29.30
,,31.3,32.59,31.05,31.715, 1.26 ,0.00,0.33,15.25,,3.83,2.87,25.08,18.80,6.28,43.89,14.31,28.23
,,32,32.01,31,31.025, 0.96 ,0.70,0.00,15.12,,4.25,2.66,28.12,17.61,10.51,45.73,22.98,27.85
,,29.3,29.3,28.32,28.75, 1.70 ,0.00,2.71,15.74,,3.95,5.18,25.08,32.92,7.84,58.01,13.52,26.83
,,28.755,28.8,27.82,28.245, 0.48 ,0.00,0.50,15.10,,3.67,5.31,24.29,35.19,10.90,59.48,18.33,26.22
,,28.4,29.015,28.315,28.855, 1.20 ,0.00,0.00,15.21,,3.40,4.93,22.38,32.43,10.05,54.80,18.33,25.66
,,28.86,29.005,28.245,28.61, 0.69 ,0.46,0.00,14.82,,3.62,4.58,24.44,30.92,6.47,55.36,11.69,24.66
,,28.7,29.05,28.295,28.425, 0.80 ,0.00,0.00,14.56,,3.36,4.25,23.09,29.21,6.12,52.30,11.69,23.73
,,28.425,28.82,28.295,28.395, 0.52 ,0.00,0.23,14.05,,3.12,4.18,22.23,29.75,7.52,51.98,14.48,23.07
,,28.94,28.94,27.27,27.87, 0.64 ,0.52,0.00,13.69,,3.41,3.88,24.94,28.35,3.41,53.29,6.40,21.88
,,27.87,29.205,27.87,28.875, 1.93 ,0.00,0.00,14.65,,3.17,3.60,21.65,24.61,2.96,46.25,6.40,20.78
,,29.075,29.61,28.5,28.9, 1.74 ,1.20,0.00,15.34,,4.15,3.35,27.05,21.81,5.23,48.86,10.71,20.06
,,28.67,28.98,28.42,28.53, 0.48 ,0.00,0.63,14.73,,3.85,3.74,26.17,25.38,0.78,51.55,1.52,18.73
,,28.5,28.9,28.245,28.7, 0.48 ,0.00,0.08,14.15,,3.58,3.55,25.28,25.09,0.19,50.36,0.38,17.42
,,28.7,28.845,28.11,28.23, 0.60 ,0.20,0.00,13.74,,3.52,3.30,25.63,23.99,1.64,49.62,3.30,16.41
,,28.565,29.435,28.47,29.15, 1.32 ,0.00,0.00,14.09,,3.27,3.06,23.22,21.73,1.48,44.95,3.30,15.48
,,29.025,29.265,28.52,28.77, 0.80 ,0.46,0.00,13.87,,3.50,2.84,25.20,20.49,4.71,45.69,10.32,15.11
,,28.52,29.075,28.52,29, 0.55 ,0.00,0.19,13.44,,3.25,2.83,24.16,21.06,3.11,45.22,6.87,14.52
,,29.07,29.125,28.795,28.96, 0.61 ,0.55,0.00,13.08,,3.57,2.63,27.25,20.08,7.17,47.33,15.14,14.56
,,29.1,29.765,29,29.715, 0.97 ,0.03,0.00,13.12,,3.34,2.44,25.46,18.60,6.87,44.06,15.58,14.64
,,29.8,30.55,29.61,30.15, 1.55 ,0.70,0.00,13.73,,3.80,2.27,27.69,16.50,11.19,44.19,25.32,15.40
,,31.06,31.155,30.18,30.79, 1.55 ,1.26,0.00,14.30,,4.79,2.10,33.51,14.72,18.79,48.22,38.97,17.08
,,30.8,31.33,30.495,31.295, 1.15 ,0.00,0.00,14.43,,4.45,1.95,30.84,13.54,17.29,44.38,38.97,18.65
,,31.33,31.445,31,31.2, 0.95 ,0.53,0.00,14.34,,4.66,1.81,32.49,12.65,19.84,45.13,43.97,20.45
,,31.15,31.865,30.86,31.155, 0.86 ,0.00,0.00,14.19,,4.33,1.68,30.51,11.87,18.63,42.38,43.97,22.13
,,31.155,31.22,30.86,30.86, 0.36 ,0.00,0.64,13.53,,4.02,2.21,29.70,16.33,13.37,46.02,29.05,22.63
,,30.8,30.97,29.89,30.97, 0.11 ,0.00,0.25,12.68,,3.73,2.30,29.44,18.16,11.28,47.59,23.71,22.71
,,30.88,30.975,30.435,30.885, 1.09 ,0.08,0.00,12.85,,3.54,2.14,27.58,16.62,10.95,44.20,24.78,22.85
,,30.96,31.27,30.35,30.375, 0.84 ,0.08,0.00,12.77,,3.37,1.98,26.40,15.54,10.86,41.94,25.90,23.07
,,30.45,31.95,30,31.775, 1.60 ,0.00,0.00,13.46,,3.13,1.84,23.26,13.69,9.57,36.95,25.90,23.27
,,31.95,32.85,31.64,32.535, 2.85 ,1.50,0.00,15.35,,4.41,1.71,28.72,11.15,17.57,39.86,44.07,24.76
,,32,32,29.495,29.515, 0.36 ,0.00,0.85,14.61,,4.09,2.44,28.01,16.69,11.32,44.70,25.32,24.80
,,29.515,30.1,29.1,29.2, 0.61 ,0.00,1.90,14.17,,3.80,4.16,26.81,29.38,2.57,56.20,4.58,23.35
,,29.31,30.105,29.25,29.55, 1.00 ,0.00,0.00,14.17,,3.53,3.87,24.91,27.30,2.39,52.21,4.58,22.01
,,29.63,30.35,29.61,29.8, 1.10 ,0.32,0.00,14.25,,3.60,3.59,25.23,25.19,0.04,50.42,0.08,20.45
,,29.99,30.28,29.825,30.125, 0.67 ,0.36,0.00,13.91,,3.70,3.33,26.61,23.98,2.63,50.58,5.19,19.36
,,30.125,30.25,29.82,29.94, 0.43 ,0.14,0.00,13.34,,3.57,3.10,26.77,23.21,3.56,49.98,7.11,18.48
,,29.925,30.2,29.64,29.64, 0.38 ,0.00,0.05,12.76,,3.32,2.93,25.97,22.91,3.06,48.89,6.26,17.61
,,29.88,30.1,28.775,29.25, 0.46 ,0.00,0.10,12.31,,3.08,2.82,25.00,22.87,2.13,47.87,4.45,16.67
,,29.24,29.555,28.92,29.06, 0.78 ,0.00,0.55,12.21,,2.86,3.16,23.41,25.87,2.47,49.28,5.01,15.84
,,29.29,29.525,28.925,28.99, 0.60 ,0.05,0.00,11.95,,2.70,2.93,22.64,24.56,1.92,47.20,4.07,15.00
,,29,29.38,28.94,28.94, 0.45 ,0.00,0.14,11.55,,2.51,2.87,21.75,24.85,3.10,46.60,6.66,14.40
,,28.96,29.555,28.61,29.5, 0.61 ,0.00,0.00,11.34,,2.33,2.66,20.57,23.50,2.93,44.07,6.66,13.85
,,29.505,30,29.235,29.42, 1.39 ,0.54,0.00,11.92,,2.71,2.47,22.74,20.76,1.98,43.50,4.55,13.18
,,29.585,30.42,29.39,30.3, 1.19 ,0.08,0.00,12.25,,2.60,2.30,21.20,18.75,2.44,39.95,6.11,12.68
,,30.41,30.55,29.895,30.315, 1.16 ,0.82,0.00,12.54,,3.24,2.13,25.81,17.02,8.80,42.83,20.54,13.24
